Étiquettes de lignes;Nombre de Marque;Min. de Prix;Max. de Prix2
Cartier Ronde de Cartier;1;0;0
DeLaneau Golden Dream Shutter;1;0;0
Moritz Grossmann TEFNUT Twist;1;0;0
Oris Big Crown Timer;1;0;0
Oris ProDiver;1;0;0
Tudor Heritage;1;0;0
Garmin;782;2;2394
Hirsch;28;6;145
Swatch;1007;9;13454
(vide);;10;6000000
Casio;1499;11;6999
Roamer;173;13;2100
Timberland Watches;4;15;187
Timex;285;15;1048
Esprit;7;18;211
Diesel;120;18;900
Fossil;527;18;179991
Ingersoll;306;19;1284
Lorenz;167;19;9650
Seiko;2896;19;111676
Breil;74;20;2900
Guess;565;20;836
Pryngeps;45;20;1750
Sector;146;20;3849
Cadet Chronostar;1;25;25
Pulsar;97;25;9999
Glycine Airman;103;28;11000
Junghans;172;28;5200
Viceroy;5;28;1550
Certina DS;108;29;7816
Citizen;4895;29;77811
Lorus;156;29;340
Bifora;20;30;1097
ck Calvin Klein;308;30;790
Tavannes;33;30;7900
Tommy Hilfiger;76;30;184
Armani;464;35;1210
Bulova;1012;35;6697
Dugena Festa;11;35;699
Festina;394;35;7500
Ice Watch;12;35;17000
Raketa;191;35;12000
Dugena;187;38;2990
Puma;1;38;38
Vostok;646;38;1680
Eichmüller;1;39;39
Pierre Cardin;15;39;5865
Poljot;416;39;3112
Morellato;23;40;138
Juvenia;52;41;7200
Seiko 5;470;41;2441
Michael Kors;491;42;512
Oris Divers Sixty Five;605;42;5490
Skagen;36;44;296
Elgin;140;45;15635
Invicta;181;45;23779
Helvetia;56;45;13900
Hugo Boss;273;45;483
Luminox Black Ops;9;45;449
Oris;237;45;27913
Certina;273;46;5632
Casio G-Shock;3109;47;15922
Luminox;534;47;1591
Anonimo;91;49;18900
Auguste Reymond;50;49;7008
M&M Swiss Watch;1;49;49
Kienzle;39;49;2450
Philip Watch;85;49;6770
Cyma;276;50;15132
Tissot;1068;50;17500
Jacques Lemans;223;52;1674
Stowa;69;52;12800
Police;183;53;3900
Locman;290;54;5020
Lacoste;162;54;253
BWC-Swiss;75;55;3850
Gul Watches;2;55;100
Orient;577;55;5578
Technos;36;55;1990
Tissot PR 100;205;55;1588
Volna;5;55;5132
Victorinox Swiss Army Original;3;55;494
Waltham;124;55;18000
Seiko Solar;135;56;1500
Slava;86;56;680
Momo Design;41;57;1950
Casio Edifice;331;60;2232
Eterna;323;60;13731
Elysee;28;60;895
Dolce & Gabbana;24;60;8878
Nautica;8;60;149
TAG Heuer;721;60;51185
Candino;30;62;1800
Casio Baby-G;397;62;1648
Rotary;274;63;2920
Alpina;145;67;6000
Gucci;902;67;21702
Prim;17;67;4818
Nixon;93;68;2683
Mondaine;121;68;915
Swiss Military;591;70;4054
Fortis;233;72;6555
Glashütte Original;122;74;159800
Mido Multifort;426;74;7900
Tissot PR 50;12;75;349
Gaga Milano;157;77;16500
Maurice Lacroix;291;78;4977
Zenith;1236;79;102500
Condor;10;80;4466
GUB Glashütte;129;80;8990
Jacques Lemans Classic London;10;80;201
Maserati;848;80;797
Lip;130;80;18000
Marvin;54;80;13500
Meistersinger;158;80;4427
Mondia;117;80;5700
Roamer Searock;32;80;990
Sandoz;57;80;5578
Roamer Vanguard;6;80;458
Wenger;87;80;445
Revue Thommen;103;81;8280
Michel Jordi;21;83;58000
Seiko Chronograph;512;85;3602
Tissot PRC 100;12;85;1116
Glycine;83;86;2495
Orient Sport;36;86;1440
Sector 450;12;86;213
Tissot Stylist;27;86;2686
Louis Erard;104;87;34417
Aerowatch;24;88;3124
Bulova Diamond;152;88;13696
Gant;2;88;139
Seiko Selection;147;88;568
Sector 850;6;88;679
Raymond Weil;129;88;6800
Favre-Leuba;103;89;12500
Locman Nuovo;31;89;670
Seiko Scuba;248;89;2500
ZentRa;37;89;1590
Wyler Vetta;89;89;21777
Cerruti;26;90;765
Gardé;12;90;180
Hamilton Pan Europ;47;90;5025
Margi;7;90;9179
Michel Herbelin;172;90;2099
Philip Watch Caribe;28;90;4000
Seiko Presage;1421;90;6699
St. Gallen;1;90;90
Wittnauer;84;90;10274
Zeno-Watch Basel;773;90;88052
Bulova Accutron;120;92;6477
Stuhrling;45;92;1674
DuBois et fils;37;93;5717
Movado Museum;81;93;3127
Victorinox Swiss Army;138;93;2234
Hamilton;779;94;6914
Gruen Precision;47;95;3350
Jaquet-Droz;62;95;445587
Locman Stealth;84;95;1028
Seiko Dolce;72;95;1539
Sector 950;10;95;1250
Aigner;12;96;590
Certina DS-4;14;96;697
Officina del Tempo;16;96;955
Seiko Prospex;2768;98;13149
Doxa;184;99;13400
Atlantic;168;100;2150
Catena;6;100;2116
Bulova Classic;258;100;4500
Gigandet;57;100;5750
Jacques Lemans Classic Milano;5;100;226
Nivada;105;100;5950
Lanco;62;100;2012
S.Oliver;3;100;140
Swiss Military Hanowa Swiss Soldier Prime;3;100;135
Seiko Kinetic;64;100;5020
REC Watches;12;100;3120
Seiko Lord Matic;75;100;1281
Dugena Dessau;3;101;110
Jacques Lemans Classic York;1;102;102
Jacques Lemans La Passion;12;102;302
Tissot Seastar;88;102;2200
Victorinox Swiss Army I.N.O.X.;106;102;1200
Ingersoll Bison;2;103;250
Tissot T-Classic;108;103;2026
Benrus;59;104;12675
Bulgari;383;105;116701
Burberry;149;105;320000
Franck Muller;553;105;164777
Omega;2413;105;81512
Locman Island;16;106;372
Orient Mako;198;107;1016
Gucci Horsebit;24;108;1243
Jean Lassale;6;109;9999
Cortébert;34;110;8750
Leonidas;49;110;14980
KHS;7;110;705
Movado;515;112;24563
Tissot T-Touch II;47;112;1200
Casio Pro Trek;177;114;1739
Tissot PRC 200;129;114;1544
TW Steel;140;114;1499
Edox;439;115;17521
Perseo;44;115;3990
Omega De Ville;772;115;19590
Phantoms;1;115;115
Tissot Cera;6;115;387
Versace;1087;115;4590
Tissot T-Wave;52;115;1800
Casio Sheen;41;116;458
Seiko Spirit;49;117;1396
Orient Star;395;118;3909
Breguet Type XX - XXI - XXII;278;120;56166
Camel Active;5;120;200
Jacques Lemans Classic Sydney;1;120;120
Mauboussin;30;120;17500
Record;52;120;14990
Swiss Military Hanowa Flagship;17;120;396
Seiko 5 Sports;1361;120;2661
Titus;46;120;8254
Tissot V8;48;120;747
Wempe;29;120;7900
Maurice Lacroix Les Classiques;85;121;4000
Locman Sport Tonneau;35;121;553
Locman Sport Quadrato;9;123;586
Longines;1735;123;2000000
Aristo;29;125;8250
Citizen Promaster;617;125;5025
Fendi;153;125;5809
Orient Bambino;324;125;480
Pequignet Rue Royale;20;125;22185
Orator;8;125;4454
Zodiac;145;125;10386
Tissot Tradition;211;125;960
Jacques Lemans Sport Liverpool;7;126;352
Zeppelin;754;127;2520
Enicar;90;128;14500
Sicura;51;128;1920
Chanel;231;129;109443
Grovana;8;129;1239
Sea-Gull;100;129;13045
Spinnaker;184;129;700
Van Cleef & Arpels;146;129;111620
Bulova Crystal;54;133;679
Luminox Sentry;5;133;291
Alpina Horological Smartwatch;20;137;938
Seiko Neo Classic;36;137;337
Momentum;2;138;275
Tissot Touch;71;138;3120
Citizen Promaster Marine;294;139;1514
Yves Saint Laurent;2;139;800
Eberhard & Co.;395;140;18427
Dugena Monza;4;140;1490
Mido Baroncelli;226;140;1628
Mondaine Evo;66;144;632
Baume & Mercier;489;145;83757
Gruen;44;145;2567
Hanhart;57;145;10169
Kienzle Poseidon;1;145;145
Mathey-Tissot;63;145;21900
Seiko King;183;147;3956
Wenger Sea Force;20;147;352
Azzaro;3;148;197
Certina DS Spel Lady;5;149;826
Iron Annie;297;149;2520
Omega Genève;632;149;14663
Rebellion;11;149;52500
Raymond Weil Tango;174;149;2450
Yema;207;149;7800
Zenith Port Royal;125;149;75605
Davosa;310;150;2418
Ingersoll Richmond;1;150;150
Jules Jürgensen;38;150;22500
Locman Change One;21;150;604
Mondaine Classic;52;150;562
Lucien Rochat;67;150;6300
Pierre Balmain;31;150;1700
Porsche Design;110;150;18500
Pacardt;2;150;340
RSW;92;150;38348
Rado Diastar;178;150;13999
Tissot Couturier;120;150;1599
Tissot Le Locle;295;150;24999
Maurice Lacroix Eliros;169;151;1069
Maurice Lacroix Miros;86;151;2264
Tissot Bridgeport;28;151;3125
Philip Watch Blaze;4;153;270
Orient Kamasu;56;154;557
Certina DS Podium;76;155;1776
Girard Perregaux;438;155;175890
Rado;255;155;320000
Paul Picot;142;155;8900
Seiko Sportura;35;155;3500
Tissot TXL;14;155;708
IWC;1053;157;163056
Seiko Credor;245;158;58254
Nina Ricci;11;159;916
Balmain;12;160;2926
Locman Latin Lover;11;160;1100
Ebel;95;162;24634
Junkers Bauhaus;35;163;730
Mondaine Simply Elegant;13;163;430
Tissot PRS 516;126;164;2211
Heuer;603;165;70000
Omega Seamaster;2237;165;45630
Universal Genève;480;165;38000
Zeno-Watch Basel Airplane Diver;17;165;2142
Bulova Wilton;50;166;667
Bulova Marine Star;149;166;5999
Technomarine Cruise;22;166;3000
Laco;526;167;15600
Out of Order;51;168;829
Election;14;169;4900
Vulcain;125;169;50061
Tissot T-Lady;84;169;1220
Junkers;102;170;2173
Locman Aviatore;2;170;231
Lip Mach 2000;23;170;2450
Technomarine;45;170;5085
Tissot PRS 200;17;170;556
Claude Bernard;49;171;1800
Certina DS Caimano;40;173;813
Orient Sun and Moon;45;173;469
Girard Perregaux 1966;187;175;140042
Ernest Borel;133;175;4997
Luminox F-117 Nighthawk;9;175;1402
Mido;192;175;11056
Movado Amorosa;12;175;1335
Seiko Arctura;13;175;1400
Raymond Weil Othello;12;175;2800
Tissot Classic Dream;49;176;586
Longines Flagship;472;179;7000
Enicar Ultrasonic;19;180;2649
Junkers Hugo Junkers;1;180;180
Junkers Tante Ju;8;180;1392
Tissot T-Sport;164;180;1523
Seiko Superior;30;182;6508
Aristo Pilot;6;183;850
Seiko Coutura;13;185;726
Tissot Heritage;89;185;3294
Tissot Heritage Visodate;80;185;766
Tissot T-Navigator;5;185;802
Bulova Military;17;186;1061
Movado Bold;176;186;4850
Wyler;24;186;13490
Universal Genève Polerouter;103;186;20000
Dior;55;187;10702
Junkers Dessau 1926 Flatline;1;187;187
Movado Edge;8;187;709
Michel Herbelin Classic;28;189;824
Lip T18;5;189;669
Glycine Combat SUB;111;190;4954
Maurice Lacroix Divina;12;190;21950
Tissot Quickster;34;190;700
Bomberg;30;195;1894
Tissot PRX;245;195;2600
Aquastar;46;199;15435
DuBois 1785;18;199;4120
Maurice Lacroix Calypso;35;199;12990
Orfina;21;199;15000
Seiko Premier;19;199;750
Zenith Stellina;93;199;4290
Welder K25;3;199;400
Alpina Startimer Pilot;86;200;1897
Alpina Startimer;56;200;2530
Gucci G-Timeless;718;200;11434
Eterna Matic;95;200;8928
Hamilton Jazzmaster Thinline;195;200;6352
Locman Toscano;19;200;1055
Swiss Military Hanowa Arrow;1;200;200
Tiffany;275;200;55554
Zenith Star;30;200;113275
Wakmann;24;200;5200
Bulova Precisionist;53;201;871
Chris Benz;138;201;2753
Cyrus;20;201;144062
Certina DS Podium Lady;17;201;918
Bruno Söhnle;311;201;30247
Jacques Lemans High Tech Ceramic Dublin;10;201;246
Locman Tremila;14;201;584
Seiko Astron GPS Solar;408;201;25938
Traser;199;201;1562
Tissot Flamingo;29;202;479
Deep Blue;58;205;1433
Longines Présence;490;206;2902
U-Boat;397;206;4680
Edox Les Vauberts;75;208;1100
Victorinox Swiss Army Victoria;2;208;721
Liv Watches;20;209;1400
Kelek;7;209;16850
Seiko Alpinist;197;209;2791
Victorinox Swiss Army Maverick;88;209;860
Jacques Lemans Kevin Costner Collection;1;211;211
Victorinox Swiss Army Alliance;101;211;947
Tissot Gentleman;179;214;1743
H.Moser & Cie.;113;215;89285
Audemars Piguet;581;216;1663973
Hermès;385;216;42029
Citizen Stiletto;15;218;550
Gallet;48;218;11162
Bulova Accutron II;10;219;960
Ingersoll Arizona;1;219;219
Luminox Recon;3;219;503
Locman Montecristo;158;219;4446
Mido Ocean Star;427;219;2740
Pequignet;95;219;23193
Xemex;9;219;11000
Lemania;102;220;12483
Longines La Grande Classique;715;220;4275
Michel Herbelin Newport;58;220;2516
Mido Commander;297;220;2390
Roamer Stingray;18;220;3903
Seiko Monster;43;220;2316
Revue Thommen Wallstreet;2;220;346
Zenith Sporto;48;220;3900
Alpina Comtesse;38;222;2138
Certina DS Podium Square;3;222;1097
TAG Heuer Formula 1 Quartz;1059;222;4106
TAG Heuer Formula 1 Lady;169;222;5287
Elysee Classic Edition;1;223;223
Swiss Military Hanowa Navalus Chrono;1;224;224
Corum Admiral's Cup;239;225;211849
Ebel Beluga;111;225;17667
TAG Heuer Formula 1;56;225;52788
Citizen Promaster Sky;379;229;4389
Maurice Lacroix Les Classiques Date;122;229;2522
Baume & Mercier Linea;143;230;8500
Hamilton Khaki Field;545;230;4800
Mercury;43;230;2673
Longines DolceVita;759;230;11705
Milus;33;230;19923
Raymond Weil Parsifal;180;230;12411
Zenith Defy;452;230;125944
Omega De Ville Ladymatic;221;232;74099
Boldr;46;233;899
Illinois;31;233;3785
Hamilton Railroad;147;233;2726
Junkers Eisvogel F13;7;233;634
Movado Circa;10;233;2400
TAG Heuer 2000;213;233;2005
RGM;6;233;44553
Victorinox Swiss Army Dive Master 500;14;233;2414
Raymond Weil Toccata;147;237;1885
Nethuns;29;239;1670
Tendence;34;239;778
Askania;5;240;1412
Baltic;58;240;11500
Bruno Söhnle Nabucco;24;240;600
Ebel Sport;302;240;16780
Longines Conquest;987;240;6054
Tissot T-Race Cycling;24;240;569
Junkers G38;3;241;702
Steinhart Ocean 1;29;241;1150
Movado Kingmatic;30;242;5355
Seiko Bell Matic;29;242;1111
Rado HyperChrome Captain Cook;271;242;4613
Christopher Ward;71;244;10410
Hamilton Khaki Field King;60;246;1503
Jean d'Eve;14;246;5000
Philip Stein Active;1;246;246
Tissot T-Race;140;246;2513
Tissot Seastar 1000;312;246;4000
Tissot Carson;152;247;3599
Seiko Astron;129;248;6350
Certina DS First;17;249;1650
Edox Chronorally;59;249;3277
Junghans max bill;22;249;1950
Minerva;64;249;37980
Movado Cerena;3;249;1339
Zeno-Watch Basel X-Large Pilot;24;249;3013
Zenith Academy;8;249;2600
Angelus;74;250;50324
Charriol;68;250;11056
Certina DS Sport;6;250;1099
Elysee Executive Edition;3;250;492
Fortis Marinemaster;50;250;6555
Lancaster;6;250;990
TAG Heuer Alter Ego;34;250;4180
Frederique Constant Horological Smartwatch;110;251;2702
Mondaine Helvetica;14;251;605
Luminox Colormark;2;251;283
Louis Erard Héritage;64;251;2100
Orient M-Force;68;251;882
Edox Les Bémonts;84;254;4056
Laco Genf;4;254;312
Junkers Iron Annie Ju 52;2;255;389
Rado Sintra;86;255;6578
Tissot Desire;3;255;441
Delma;47;257;4350
ROWI;1;259;259
Concord C1;25;260;26802
Jaeger-LeCoultre;749;260;262821
Swatch Moonswatch;1069;260;10000
Certina DS Prime;6;261;802
Certina Blue RIbbon;12;263;1140
Zenith El Primero Espada;22;265;27472
Piaget Polo S;82;267;28465
Seiko Lukia;173;268;2538
Baume & Mercier Catwalk;34;269;6924
Gucci G-Frame;75;269;20722
Louis XVI;51;269;822
Alfred Dunhill;47;270;7900
Davosa Nautic Star;8;270;401
Certina DS-2;65;270;6970
Junghans 1972;10;270;2471
Junghans Meister;46;272;1855
Tissot T-Touch Expert;15;273;1263
Michele;42;274;3239
Luminox Navy Seal Colormark;26;274;554
Concord;65;275;22330
Certina DS Podium Big Size;16;275;897
Ebel Sportwave;124;275;9124
Gucci G-Chrono;54;275;5583
Hamilton Jazzmaster Seaview;52;275;1258
Raymond Weil RW;6;275;1000
Rado Florence;58;275;1257
Shinola;16;276;2234
Seiko Premier Automatic;9;276;1861
Luminox Original Navy Seal;26;277;500
Seiko Brightz;195;277;3000
Alpina Alpiner;222;279;3700
Davidoff;29;279;19147
Hebdomas;14;279;5000
Raymond Weil Amadeus;24;279;3700
Tissot Dressport;4;279;5025
Eterna Kontiki;100;280;5400
Montblanc;178;280;33157
Mondaine Stop2go;1;281;281
Longines Oposition;55;281;1800
Victorinox Swiss Army Infantry;12;281;721
Aerowatch Les Grandes Classiques;14;282;6645
Junghans FORM;14;282;660
Baume & Mercier Hampton;474;284;22000
Certina DS Action;160;288;1205
Casio Oceanus;219;289;3370
Elysee Graf Berghe von Trips;1;289;289
Bruno Söhnle Rondo;38;290;3020
Frederique Constant Slimline Gents;44;290;990
S.T. Dupont;13;290;2449
Welder;2;290;350
Bulgari Bulgari;1114;291;39632
Joop;3;291;352
CWC;27;292;3513
Philip Stein Teslar;4;293;1674
Seiko Premier Kinetic Perpetual;26;293;938
Charriol Colvmbvs;46;299;5171
Ebel Classic;139;299;9945
Hamilton Khaki Aviation;283;299;3561
Maurice Lacroix Fiaba;66;299;1801
Luminox Atacama Field;38;299;805
Raymond Weil Tradition;42;299;1900
Roamer Dreamline;2;299;364
Salvatore Ferragamo;21;299;4132
Tissot Generosi-T;3;299;423
Breitling;1346;300;56955
Certina DS-1;56;300;3066
Charmex;1;300;300
Chronographe Suisse Cie;69;300;18000
Fludo;7;300;1335
Hamilton Jazzmaster;514;300;4686
Hamilton Jazzmaster Lady;119;300;2182
Hamilton Lloyd;3;300;795
Hamilton Jazzmaster Slim;16;300;1087
Hamilton Khaki Pilot;89;300;2523
Movado Vizio;15;300;2400
Movado 1881 Automatic;6;300;2557
Kronsegler;4;300;777
Omega Constellation;1920;300;150000
Philip Watch Sunray;2;300;500
TAG Heuer Kirium;96;300;3049
Seiko Premier Kinetic Direct Drive;1;300;300
Tissot PRS 330;1;300;300
Zodiac Sea Wolf;108;300;5583
Tissot Glam Sport;3;302;2200
Gruen Curvex;11;307;2502
Valentino;6;307;1180
Bomberg 1968;6;310;713
Formex;198;310;2259
Michele Tahitian;4;310;1039
Movado Bela;1;310;310
Movado TC;1;313;313
Enicar Sherpa;100;315;13149
Zeno-Watch Basel Vintage Line;14;316;2110
Technomarine UF6;3;318;669
Junghans Milano;5;320;596
Laco Augsburg;81;320;569
Rado Ceramica;82;320;2868
Raymond Weil Don Giovanni;31;320;4458
Scalfaro;2;320;2281
Alpina Club;7;322;1890
Tissot Lady 80 Automatic;22;322;885
Bruno Söhnle Sonate;1;323;323
Glycine Combat;28;323;1407
Glycine KMU48;5;325;850
Hamilton Jazzmaster Day Date Auto;111;325;1287
Movado Serio;3;326;1339
Carl F. Bucherer;56;328;15650
Hamilton Broadway;146;328;2273
Bulova Lunar Pilot;62;329;1642
Philip Stein Classic;1;329;329
Tudor;608;329;35900
Glashütte Original Sixties;63;330;12797
Victorinox Swiss Army Chrono Classic;24;330;691
Frederique Constant Classics Delight;51;334;1800
Frederique Constant;483;334;25105
Hamilton Thin-O-Matic;20;334;1227
Eterna Centenaire;11;335;4613
Ebel Brasilia;57;335;11496
Nivrel;14;335;3650
Raymond Weil Noemia;50;335;2935
Tissot T-Race Touch;10;337;515
Apple Apple Watch;8;340;10300
Cartier;1162;340;308092
Junghans Meister Chronometer;4;343;1482
Luminox Deep Dive;12;343;1843
Citizen Promaster Land;71;344;2234
Longines Lyre;177;344;1658
Luminox P-38 Lightning;7;344;1441
Louis Erard La Carrée;8;344;1595
Tissot Luxury Automatic;73;344;1138
Bulgari Quadrato;31;345;4900
Hamilton Khaki Field Titanium;66;345;1131
Century;64;346;65302
Corum;341;346;225275
Jean Marcel;88;347;3827
Certina DS Dream;2;349;365
Gucci Le Marché des Merveilles;27;349;1689
Meistersinger N° 01;40;349;1750
Rado Coupole;289;349;2618
Eterna Artena;13;350;1708
Haemmer;6;350;975
Hamilton Valiant;71;350;1020
Maurice Lacroix Pontos;94;350;5249
Maurice Lacroix Pontos Date;33;350;1800
Steinhart;68;350;2563
Sarcar;51;350;12500
Victorinox Swiss Army Infantry Vintage;8;350;2263
Charriol Celtic;8;352;1280
Hamilton Jazzmaster Viewmatic;209;352;1972
Junghans Meister Damen;7;352;1190
Jacques Lemans High Tech Ceramic York;2;352;402
Omega Constellation Quartz;955;352;64675
blu;10;353;38042
Hermès Nomade;8;353;1790
Venezianico;127;353;1459
Movado Rondiro;3;355;2440
Certina DS-8;41;362;872
Hamilton Lady Hamilton;20;363;706
Luminox ANU;5;363;888
Maurice Lacroix Pontos Chronographe;101;363;3475
Movado Stiri;4;363;558
Junghans FORM A;18;366;1156
Longines Ultronic;22;369;5206
Baume & Mercier Riviera;434;370;7812
Alpina Avalanche;26;370;1680
Montblanc Summit;81;370;1563
Philip Watch Sea Horse;1;370;370
Revue Thommen Diver;394;370;1627
Alpina Startimer Pilot Heritage;15;372;2824
Citizen Exceed;227;372;2537
Maurice Lacroix AIKON;1007;372;7682
Steinhart Nav B-Uhr 44;3;372;888
Tissot Ballade Powermatic 80 COSC;48;372;1150
Laco Valencia;3;373;373
Hermès Clipper;189;374;8000
Hermès Sellier;19;374;6961
Longines Evidenza;140;374;10700
Alpina Seastrong;97;375;2306
Movado Elliptica;8;375;9900
Luminox SXC;9;375;689
Seiko GS;865;375;40736
Revue Thommen Airspeed - X Large;107;375;1276
Union Glashütte;43;375;12995
Beuchat;1;380;380
Seiko Velatura Chronograph;2;380;2450
Revue Thommen Airspeed;68;380;2462
Tissot Sailing-Touch;17;382;1182
Bruno Söhnle Algebra;3;383;600
Certina DS Stella;4;383;1371
Movado Concerto;2;383;1558
Movado Eliro;9;383;1189
Concord Mariner;57;385;6699
Hamilton Khaki Navy;80;385;1304
Pequignet Cameleone;3;385;520
Tissot Chemin de Tourelles;185;385;2232
Michel Herbelin Newport Yacht Club;18;386;2250
Gucci Dive;155;389;2164
Sinn;92;389;25500
Chaumet;94;390;84456
Frederique Constant Classics;188;390;26820
Gucci Pantheon;16;390;1943
Gevril;463;390;16750
Hamilton Jazzmaster Open Heart;224;390;2012
Hamilton Ventura;304;390;17813
Hamilton Spirit of Liberty;138;390;2172
Mido Belluna;159;390;1833
Philip Stein Signature;3;390;1228
Concord Sportivo;6;391;1067
Omega Seamaster DeVille;109;392;12400
Bruno Söhnle Thalia;10;393;615
Tissot T-Touch Expert Solar;31;393;10500
Chopard;711;395;268511
Franck Dubarry;36;395;9668
Frederique Constant Classics Chronograph;40;396;1454
Hamilton Khaki Navy Scuba;195;399;1111
Mido Baroncelli II;109;399;1624
Montblanc Star;313;399;57506
Longines Admiral;135;399;11162
Squale;388;399;5650
Alain Silberstein;52;400;29175
Chaumet Khesis;12;400;3750
Fortis Flieger;31;400;2250
Edox Class-1;17;400;3629
Frederique Constant Slimline;69;400;12060
Hamilton Khaki Pilot Pioneer;188;400;2213
Luminox Modern Mariner;9;400;1136
Terra Cielo Mare;23;400;6695
Van Der Bauwede;37;400;31288
Bomberg Bolt-68;88;406;2319
Bulgari Diagono;604;406;31158
Movado Sports Edition;5;407;2232
Zeno-Watch Basel OS Retro;70;408;95880
Baume & Mercier Classima;946;410;7259
Ollech & Wajs;22;410;7260
Raymond Weil Maestro;102;411;11214
Junghans max bill Damen;17;413;745
Movado Sapphire Synergy;2;413;1120
Sevenfriday P1B-1;10;413;1232
Bulova Sea King;7;414;1734
Frederique Constant Ladies Automatic Double Heart Beat;24;414;3777
Hermès Tandem;18;416;1780
Zeno-Watch Basel OS Pilot;89;418;4099
Alpina Racing;11;419;1282
Girard Perregaux Sea Hawk;49;419;60685
Frederique Constant Classics Business Timer;11;419;895
Raymond Weil Shine;38;419;4457
Frederique Constant Classics Carree Ladies;14;420;1373
Michel Herbelin Odyssée;3;420;851
Lüm-Tec;16;420;1335
Bedat & Co Nº3;26;421;7828
Louis Erard La Sportive;25;421;3923
Movado Esperanza;15;422;949
Breitling Jupiter Pilot;15;425;3285
Armand Nicolet;224;425;6785
Cartier Santos;1128;425;150763
Longines Conquest Classic;313;425;4160
Pequignet Moorea;18;425;2600
Omega Constellation Day-Date;136;425;24558
Aigle;1;428;428
Maurice Lacroix Les Classiques Phases de Lune;30;429;6965
Tissot Veloci-T;3;429;520
Movado Datron;24;430;9492
Michele Deco;55;430;3345
Hermès Médor;24;431;11112
Charriol St-Tropez;10;433;1722
Harry Winston;58;433;348022
Longines BelleArti;18;433;2479
Revue Thommen Cricket;10;433;1377
TAG Heuer 6000;39;433;12216
Traser P6600;3;433;456
Bruno Söhnle Lago;4;434;499
Mido All Dial;17;434;1410
Davosa Ternos;33;435;1458
Hamilton Khaki Navy Pioneer;51;435;2563
Hamilton Khaki X-Wind;189;435;2970
Hamilton Intra-Matic;306;435;2498
Movado Masino;3;435;643
TAG Heuer Professional Golf Watch;18;438;2289
Hamilton Khaki Navy Sub;14;440;1673
Revue Thommen Heritage;44;440;1256
Boucheron;54;441;34884
Hamilton Khaki Field Officer;18;441;1138
Locman Otto;5;441;553
Longines Equestrian;65;441;5240
Ulysse Nardin;344;441;651071
Laco Classic Automatik;5;444;499
Laco Classic;4;444;1210
Bruno Söhnle Pesaro;41;447;1003
Sevenfriday;119;448;2178
Gérald Genta;173;449;106092
Michel Herbelin Antarès;1;449;449
Tendence Gulliver;4;449;467
Tutima;35;449;10900
Eberhard & Co. Aiglon;56;450;3300
Ebel 1911;168;450;39319
Frederique Constant Slimline Mid Size;26;450;802
Glycine F 104;1;450;450
Montblanc Profile;24;450;4970
Paul Picot American Bridge;6;450;2324
Oris Big Crown Pointer Date;324;450;3633
Steinhart Ocean One Vintage;8;450;1050
U-Boat Classico;176;450;6784
Visconti;19;450;7500
Tissot Racing-Touch;4;450;663
Zodiac Astrographic;15;450;1877
Luminox Tony Kanaan;10;453;1562
Bulgari B.Zero1;199;458;4567
Junghans FORM C;10;459;595
Perigáum;2;459;459
Rado Golden Horse;31;461;2384
Frederique Constant Classics Index;108;464;3256
Michel Herbelin Escapade;1;464;464
Michel Herbelin Newport Trophy;16;464;1990
Movado Sapphire;8;464;2116
Movado Verto;1;469;469
Hamilton Jazzmaster Regulator;20;473;1521
Bruno Söhnle Legato;1;474;474
Tissot PRX Powermatic 80;127;474;2700
Concord Saratoga;50;475;7605
Locman Cavallo Pazzo;13;475;826
Rado Centrix;362;475;3588
Bulgari Ergon;79;479;8680
Junghans max bill Quarz;26;479;825
Jorg Hysek Kilada;16;480;11500
Junghans max bill Handaufzug;26;480;953
Jaeger-LeCoultre Vintage;233;480;21870
Lip Nautic Ski;11;480;1150
Omega Constellation Ladies;669;480;77534
Tudor Royal;396;480;7509
Zodiac Sea Dragon;2;480;888
Bruno Söhnle Facetta;9;483;2627
Seiko Marinemaster;119;483;10051
Frederique Constant Slimline Moonphase;53;484;3307
Tissot Titanium Automatic;19;488;923
Eterna Contessa;10;489;1992
Hamilton Bagley;14;489;824
Baume & Mercier Capeland;261;490;15000
Glycine Incursore;16;490;1820
Luminox F-35 Lightning II;3;490;1000
Bedat & Co Nº7;17;492;10498
Elysee Jochen Mass;1;492;492
Certina DS Eagle;3;495;767
Zenith Pilot;160;495;29900
Milus Apiana;4;497;2440
Raymond Weil Freelancer;226;497;7500
Sevenfriday P1-3;6;497;1350
Maurice Lacroix Les Classiques Chronographe;42;498;3709
Armand Nicolet M02;35;499;11633
Black-Out Concept;34;499;4171
Bulgari Solotempo;84;499;5025
Edox Grand Ocean;29;499;2497
Ebel Wave;123;499;9827
Jaeger-LeCoultre Albatros;11;499;2900
Hamilton Khaki Pilot Day Date;69;499;1258
Maurice Lacroix Pontos Day Date;86;499;2394
Rado True Thinline;94;499;2652
Hamilton Jazzmaster Auto Chrono;177;500;4958
Marlboro;1;500;500
Longines Master Collection;1432;500;11630
TAG Heuer Aquaracer 300M;898;500;22057
TAG Heuer Link Quartz;97;500;4467
Raymond Weil Jasmine;38;501;4234
Dugena Epsilon;1;503;503
Dugena Kappa;1;503;503
Philip Stein;1;503;503
Oris Classic;51;503;2195
Tonino Lamborghini GT1;4;509;1150
Mido Baroncelli III;256;513;1985
Oris Williams F1;39;515;2905
Ingersoll Apache;1;516;516
Longines HydroConquest;934;516;4773
Frederique Constant Manufacture Slimline;51;517;14995
Hamilton Khaki Field Day Date;43;517;1365
Rado True;290;518;2792
Baume & Mercier Ilea;6;520;3639
Cartier Tank Vermeil;135;520;10500
Bruno Söhnle Rondomat II;5;520;1447
Hermès Kelly;70;520;2072
Montblanc Sport;62;520;8935
Oris BC3;13;520;1320
Seiko Velatura Kinetic Direct Drive;1;520;520
Vacheron Constantin;753;520;558380
Gucci Diamantissima;8;521;1340
Bulgari Rettangolo;57;523;13289
Louis Vuitton;408;523;832206
Mühle Glashütte;310;525;9580
N.O.A;6;525;2393
Jaeger-LeCoultre Memovox;153;530;17217
Aquanautic;39;535;8988
Frederique Constant Classics Automatic;17;535;30247
TAG Heuer Carrera Lady;429;535;7664
Movado SE Pilot;1;537;537
Sevenfriday P3-1;6;537;1650
Luminox F-22 Raptor;7;539;1433
Hermès Arceau;71;541;57480
Rado D-Star;41;541;2595
Longines PrimaLuna;272;547;4780
TAG Heuer Aquaracer Lady;500;547;6000
Ikepod;28;548;14000
Breitling Lady J;27;549;12999
Davosa Pares;2;549;582
Davosa Argonautic Lumis;36;549;1813
Cartier 21 Must de Cartier;137;549;2791
Ebel E-Type;19;549;5200
Hamilton Jazzmaster Maestro;77;549;2227
Hamilton Jazzmaster Traveler;10;549;1424
Seiko Bullhead;25;549;1731
Catorex;2;550;550
Frederique Constant Manufacture Classic;39;550;3424
Edox Classe Royale;2;550;7500
Hamilton Khaki Navy BeLOWZERO;26;550;2780
Louis Erard 1931;44;550;4411
Paul Picot Gentleman;57;550;4639
Oris TT3;10;550;2679
Steinhart Triton;7;550;2399
Roamer La Grande;2;550;550
Oris TT1;22;552;2278
DeLaCour;78;553;24500
Grand Seiko;426;553;96120
JeanRichard TV Screen;11;553;7800
TAG Heuer Link Lady;146;553;5529
Rado Integral;90;553;4801
Luminox Steel Colormark;3;554;650
Victorinox Swiss Army Night Vision;6;554;1000
Davosa Argonautic;67;555;1188
Rado Original;60;555;1931
Furlan Marri;35;556;2991
Corum Romvlvs;69;557;31493
Frederique Constant Slimline Mini;7;557;1380
Junghans max bill Automatic;94;557;1997
Universal Genève Microtor;22;557;4509
Ball Fireman;36;558;1894
Concord Delirium;12;558;8928
Longines Grande Vitesse;18;558;2628
Rado r5.5;7;558;2040
Strom Cruizer;3;559;3227
Theorein;8;560;6500
Gucci Twirl;7;562;1979
Dior Christal;43;564;38807
Bedat & Co;9;568;21218
Hamilton Khaki Navy UTC;7;569;1341
Sevenfriday M2-1;5;569;1619
Schaumburg;92;569;37815
Victorinox Swiss Army AirBoss;28;569;2520
Paul Picot C-Type;63;570;24635
Poljot Polar Bear;3;570;796
Eterna Soleure;8;575;3150
Laco Memmingen;27;575;2497
Bruno Söhnle Lagomat;3;577;1290
Rado DiaMaster;253;577;4520
TAG Heuer Connected;174;578;5985
Epos Sportive;43;582;2863
TAG Heuer Link;101;583;6310
Movado Series 800;17;586;2312
Bruno Söhnle Marcato;10;590;1109
Giuliano Mazzuoli;5;590;3450
IWC Porsche Design;99;590;22950
Zenith Elite;196;590;15871
Universal Genève Compax;208;590;78167
Omega Seamaster Planet Ocean;1268;591;75445
Epos;33;593;3266
Maurice Lacroix Les Classiques Tradition;72;593;4468
Alpina Startimer Pilot Automatic;58;595;2400
Bruno Söhnle La Traviata;6;595;666
Hamilton Khaki Navy Frogman;104;595;1693
Chase-Durer;15;596;1446
Frederique Constant Classics Art Deco;58;597;2483
Technomarine Black Reef;4;597;990
Davosa Ternos Automatic;100;599;995
Chopard L.U.C;363;599;220500
Meistersinger Neo;30;599;1396
NOMOS Ludwig;43;599;7008
Omega De Ville Prestige;2055;599;42948
Tudor Oyster Prince;59;599;4222
Armand Nicolet J09;60;600;3024
Meccaniche Veloci;29;600;6696
Longines Flagship Heritage;41;600;5478
Ball;91;601;4992
Marcello C. Tridente;7;601;1598
Epos Elégance;3;604;1899
Bruno Söhnle Atrium;1;605;605
Tudor Prince Oysterdate;224;605;15000
Concord C2;8;607;3629
Bulgari Assioma;128;607;39900
TAG Heuer Aquaracer;409;607;7426
Oris Artelier;19;613;2679
Dietrich;29;614;2116
Davosa Ternos Professional;56;615;1463
Maurice Lacroix Masterpiece;249;615;17713
Bedat & Co Nº8;16;621;11056
Nike;1;622;622
Tiffany Atlas;61;622;11168
Aerowatch 1942;7;624;1785
Omega Speedmaster;1311;626;139595
Rolex;845;626;657647
Epos Originale;31;627;2883
Rado HyperChrome;239;627;7832
Chopard Classic;163;630;72031
Epos Perfection;1;634;634
Junghans max bill MEGA;17;636;1142
Tonino Lamborghini;38;637;2691
Frederique Constant Classics Carree;14;641;2243
Hamilton Khaki Field Pioneer;5;641;1780
Junghans Meister Driver;35;645;2116
Longines Conquest Heritage;98;645;5541
Oris Aquis Date;855;645;5595
Ebel Discovery;77;649;10799
Cartier Trinity;82;650;21902
Davosa Classic Automatic;11;650;1006
Davosa World Traveller;4;650;1107
Hamilton Flintridge;4;650;1191
JeanRichard;27;650;7929
Oris Miles Tonneau;1;650;650
Davosa Argonautic Gun;1;651;651
Michele CSX;3;651;1670
Ventura;25;655;4881
Sevenfriday P2-1;17;657;1665
Vulcain Cricket;66;664;29486
Concord La Scala;22;670;8822
Ebel Lichine;17;670;9999
Movado Gravity;3;670;25797
Omega Seamaster 120 M;89;674;7700
Hamilton Pulsomatic;4;675;1371
Oris Chronoris;31;678;3660
Jaeger-LeCoultre Master Memovox;34;679;30129
Paul Picot Firshire;50;679;28003
Temption;30;680;3142
Zeno-Watch Basel NC Pilot;30;685;2818
Mühle Glashütte Terrasport II;23;688;2047
Tissot Heritage Navigator;6;690;8100
Junghans Meister MEGA;15;693;1190
Charriol Ael;2;694;800
Omega Seamaster Aqua Terra;2917;694;44043
Sevenfriday P2-2;6;694;1395
Rolex Oyster Perpetual;463;694;116143
Epos Passion;43;697;3004
Louis Erard Emotion;7;697;2418
Glycine Airman 17;3;698;1600
Krieger;8;698;16286
Davosa Military;2;699;805
Corum Trapeze;19;699;6787
Girard Perregaux Vintage 1945;157;699;395000
Ebel 1911 Discovery;14;699;2786
Mühle Glashütte City 99;7;699;1600
Oris Artelier Small Second;24;699;3400
Girard Perregaux Ferrari;72;700;105590
Eberhard & Co. Traversetolo;48;700;3500
Dior La D De Dior;40;700;21420
Oris Artix Date;23;700;1854
Rado eSenza;17;700;7816
Zeno-Watch Basel X-Large Retro;40;701;2886
Rolex Datejust;814;704;167508
Sevenfriday M1;13;704;1896
Ball Fireman Victory;15;706;1674
Epos Emotion;21;706;3347
Tissot Sea-Touch;1;708;708
Eterna 1948;31;712;4533
Aerowatch Renaissance;3;714;2503
Louis Erard Romance;5;720;1499
Sevenfriday P1-2;1;720;720
Longines Heritage;389;721;20800
Sevenfriday P1-5;1;721;721
Korloff;15;723;9971
Marcello C.;11;723;1498
Cartier Tortue;92;724;89285
Jacques Etoile;7;724;2234
Oris Big Crown;118;725;4235
Eterna Tangaroa;12;732;2775
Bruno Söhnle Grandioso;13;733;983
Frederique Constant Ladies Automatic;63;734;3912
Junghans Spektrum;5;735;1099
Frederique Constant Classics Moonphase;22;739;1995
Mido Great Wall;2;740;950
TAG Heuer Aquaracer 500M;122;740;4631
NOMOS;45;741;7176
TAG Heuer Aquagraph;12;741;2550
Baume & Mercier Promesse;166;744;5747
Mido Baroncelli Chronograph;6;744;1490
Michele Urban;5;745;11168
Chanel Première;221;749;45000
Hermès Heure H;304;749;19512
Bell & Ross;95;750;44112
Breitling Callistino;41;750;12999
Davosa Argonautic Ceramic;2;750;845
Breitling Wings Lady;18;750;4500
Meistersinger Neo Plus;40;750;1402
Louis Erard Les Asymétriques;4;750;1824
Omega Constellation Double Eagle;70;750;17941
NOMOS Orion 38;55;750;2451
Unikatuhren;4;750;6500
TAG Heuer Link Calibre 5;72;752;19116
Davosa Trailmaster;6;754;754
Sevenfriday P3-3;10;758;1563
Schwarz Etienne;22;760;43498
Raymond Weil Nabucco;25;761;7027
TAG Heuer Carrera Calibre 7;34;768;5850
Carl F. Bucherer Adamavi;46;776;10051
Sevenfriday P3;19;776;2890
Oris Divers;8;780;5000
Montblanc Star Classique;107;781;11670
Seiko Ananta;14;781;3574
Breitling Callisto;43;782;5950
Revue Thommen Tonneau;3;782;3024
Longines Record;490;785;6569
Montblanc Bohème;119;785;11930
Hamilton Khaki Flight Timer;7;789;1556
Armand Nicolet S05;19;790;2582
H.Moser & Cie. Endeavour;61;790;99224
Montblanc Tradition;117;790;3504
Meistersinger Urban;5;790;1446
Omega Speedmaster Split-Seconds;13;790;4461
Rado D-Star 200;8;790;2498
Werenbach;6;790;2500
Victorinox Swiss Army Alpnach;1;790;790
Hamilton Jazzmaster GMT Auto;12;792;1306
Fortis F-43;24;795;4639
Bogner Time;1;797;797
Davosa Titanium;13;799;1813
Chaumet Liens;10;799;20300
Boucheron Reflet;65;800;18000
Corum Bubble;188;800;18000
Glycine Lagunare;4;800;2228
Frederique Constant Classics Heart Beat;31;800;16129
Omega Constellation Quadra;43;800;6968
Technomarine TechnoDiamond;8;800;7000
Rolex GMT-Master II;3677;800;360235
Frederique Constant Runabout;4;802;1641
Marcello C. Nettuno 3;12;802;1997
Zeno-Watch Basel SOS Pilot;1;808;808
Oris Artelier Date;66;815;3978
TAG Heuer Link Calibre 6;16;817;2893
Frederique Constant Slimline Automatic;41;819;3893
Junghans Meister Handaufzug;7;820;1242
Louis Erard Excellence;48;821;6041
Dior Chiffre Rouge;16;824;6500
Chaumet Class One;72;825;8000
Ball Engineer II;25;828;4075
Armand Nicolet M03;52;829;5771
Bunz;16;830;7500
Baume & Mercier Clifton;848;831;27978
Chanel Mademoiselle;29;832;50419
Meistersinger Phanero;9;832;1597
Mido Multifort Chronograph;88;833;2282
Sinn 556;41;836;4659
Piaget;474;837;379699
Fortis B-47;10;838;2850
Michele Serein;19;838;1887
Mido Ocean Star GMT;54;838;1966
Omega Flightmaster;49;838;8367
NOMOS Club;34;838;3680
Tissot PRS 516 Extreme Automatic;5;838;1190
HD3 Slyde;3;840;2850
Oris Artix GT;23;845;3010
Doxa Sub;70;847;27919
Glycine Airman Base 22;1;849;849
Limes;1;849;849
JeanRichard Bressel;9;850;21500
IWC Da Vinci;39;850;44112
Junghans Bogner by Junghans;2;850;1590
Hublot Classic;162;850;24850
Longines Elegant;397;850;6701
U-Boat U-1001;13;850;4427
Tutima Pacific;4;850;2100
Hermès Cape Cod;162;852;16193
Laco Atacama;9;852;1068
Junghans Attaché;8;855;2495
Union Glashütte Viro Date;16;857;1412
Breitling Navitimer;957;860;46904
TAG Heuer Microtimer;6;862;2200
Mido Multifort GMT;3;865;1436
TAG Heuer Formula 1 Calibre 5;67;865;2624
Ulysse Nardin Classic;5;865;13400
JeanRichard Terrascope;8;868;8286
Breitling Colt Quartz;64;870;3550
Ball Engineer II Ohio;4;880;1893
Meistersinger N° 03;50;881;2007
Jorg Hysek;12;884;75000
Mühle Glashütte Terranaut II Trail;5;889;1380
Longines Spirit;540;890;5081
Tudor Prince Date;337;890;9500
Zeno-Watch Basel Mistery Square;6;890;1055
Gübelin;49;891;25000
Panerai Special Editions;146;892;172558
Breitling Transocean Chronograph;57;895;13960
Rado HyperChrome Chronograph;88;896;10168
Tiffany Atlas Dome;15;897;1690
Zenith El Primero;217;898;50442
Breitling Antares;13;899;2595
Cartier Panthère;794;899;244419
Charriol Alexandre C;2;899;1340
Eberhard & Co. 8 Jours;36;899;6836
Meistersinger Scrypto;11;899;5000
Tudor Classic;57;899;6828
Askania Tempelhof;2;900;2309
Chaumet Dandy;53;900;33224
Cuervo y Sobrinos Espléndidos;26;900;25000
Cartier Tank;547;900;100508
JeanRichard Aquascope;6;900;1980
Junghans Meister Classic;14;900;2069
Nivrel Héritage;6;900;1800
Marcello C. Hydrox;2;900;900
Perrelet First Class;5;900;1619
NOMOS Tetra;101;900;4154
Piaget Polo;128;900;96041
Oris Big Crown ProPilot Date;64;900;4346
Ralf Tech;85;900;7000
Union Glashütte Noramis;5;900;3200
Vulcain 50s Presidents;46;900;41834
Davosa Grande Diva;8;906;1006
Tonino Lamborghini Spyder;60;906;4246
Ball Engineer II Arabic;3;910;1670
TAG Heuer Carrera Calibre 5;321;912;5900
Bertolucci Serena;5;916;4565
Hamilton Jazzmaster Performer;48;921;2563
Movado Miri;1;921;921
Oris Artix Pointer;14;921;1874
Montblanc Timewalker;413;926;20900
NOMOS Ludwig 33;30;927;1824
U-Boat Flightdeck;22;927;3554
Frederique Constant Vintage Rally;69;928;2895
Hublot;314;930;223352
Ball Fireman Racer;3;931;1768
Frederique Constant Classics Index GMT;9;931;2155
Maurice Lacroix Pontos S Extreme;6;931;3784
Chopard Happy Sport;1702;934;94925
Longines Symphonette;72;938;20891
Longines Avigation;78;938;5256
Oris Divers Titan;5;938;3345
Junghans Meister Chronoscope;38;939;2100
Maurice de Mauriac;74;939;17597
Sevenfriday P1;5;939;1418
TAG Heuer Link Calibre 16;26;944;3909
Fortis B-42 Official Cosmonauts;6;945;2559
Hamilton Khaki Field Skeleton;4;945;1407
Sevenfriday P2;2;946;1300
Hanhart Pioneer;75;948;3574
Ebel Onde;10;949;4370
Oris Big Crown Small Second Pointer Day;3;949;1005
Askania Taifun;7;950;3171
Breitling Colt;61;950;8375
Chopard Ice Cube;36;950;16723
Meva;1;950;950
Longines Lindbergh Hour Angle;36;950;8878
Meistersinger Pangaea;24;950;2172
Oris Big Crown ProPilot GMT;41;950;3350
Panerai;924;950;161930
NOMOS Tetra 27;35;950;2195
NOMOS Tangente 33;40;950;2066
Paul Picot U-Boot;19;950;4900
Omega Seamaster Diver 300 M;2704;950;56500
Oris Artelier Complication;15;950;2116
Zenith Captain;11;950;7000
Tudor Monarch;21;954;3519
NOMOS Orion;50;955;3312
Longines Saint-Imier;58;961;8821
Frederique Constant Runabout Chronograph;41;963;3357
NOMOS Club Campus;84;968;9999
Eberhard & Co. Extra-Fort;156;970;12500
Laco Münster;38;970;2278
Porsche Design Flat Six;67;970;5336
Laco Leipzig;33;972;2497
Davosa Gentleman;14;974;1006
Breitling Colt Automatic;65;975;84322
Epos Sophistiquée;7;976;2883
Frederique Constant Slimline Heart Beat Automatic;33;980;2067
Frederique Constant Slimline Classics Automatic;2;980;1084
Hermès Harnais;2;980;1500
Vixa;1;980;980
Junghans max bill Chronoscope;56;982;7400
Montblanc 4810;118;983;29929
Askania Elly Beinhorn;1;990;990
Cuervo y Sobrinos;33;990;4211
Frederique Constant Runabout Automatic;33;990;3228
Ebel Le Modulor;12;990;3800
Eberhard & Co. Scafo;22;990;8934
Jaeger-LeCoultre Rendez-Vous;195;990;88798
Paul Picot Atelier;22;990;12597
Meistersinger N° 02;4;991;1813
Technomarine Blue Manta;1;992;992
Tudor Black Bay Steel;59;992;8307
N.B. Yäeger;2;993;993
Askania C. Bamberg;2;995;1449
Davosa Simplex;1;995;995
"Oris Regulateur ""Der Meistertaucher""";15;995;3725
Glycine Airman 18;1;997;997
Hacher;4;998;11750
Bovet;63;999;475085
Ebel Voyager;24;999;13350
Erwin Sattler;50;999;183149
Tutima Saxon One;11;999;5459
Ball Trainmaster;53;1000;31108
Carl F. Bucherer Archimedes;4;1000;7907
Mühle Glashütte Teutonia II;110;1000;3882
Montblanc Heritage Chronométrie;171;1000;11056
Porsche Design 1919;76;1000;26773
Sinn 104;37;1000;2580
Nauticfish;18;1004;2269
Oris Artelier Skeleton;16;1005;2355
Vulcain Golden Voice;1;1005;1005
Sevenfriday M2;3;1008;1890
Breitling Aerospace;45;1019;18979
Maurice Lacroix Pontos S;35;1020;3300
Fortis B-42 Marinemaster;4;1024;1750
TAG Heuer Formula 1 Calibre 16;119;1024;4394
Sevenfriday P1-4;2;1025;1125
Eterna Vaughan;9;1026;6504
Maurice Lacroix Pontos S Diver;11;1026;2439
Perrelet;75;1026;35907
Tissot T-Complication;14;1026;2783
Oris Big Crown ProPilot Day Date;62;1040;3595
Meistersinger Metris;22;1046;2190
Cronus;6;1048;1360
Bell & Ross Vintage;118;1050;12666
Breitling Pluton;23;1050;25000
Fortis Square;2;1050;2005
NOMOS Orion 33;73;1050;2072
Oris Rectangular;39;1050;2178
NOMOS Tangente;130;1050;4900
Union Glashütte Viro;1;1050;1050
Breitling Colt Oceane;40;1051;5583
Glycine Combat 7;1;1052;1052
Ball Engineer Hydrocarbon;135;1053;6103
Ball Engineer Master II;52;1053;4212
Azimuth;57;1053;8878
Mühle Glashütte 29er;55;1059;2345
Tudor Style;114;1067;3567
Frederique Constant Runabout Moonphase;4;1077;1850
Epos Oeuvre d'art;37;1082;13087
Chopard Mille Miglia;630;1090;32755
Breitling Transocean;24;1090;14920
Cattin;1;1090;1090
Meyers;6;1090;9995
Montblanc Heritage Spirit;111;1090;13089
Oris Aquis Titan;6;1090;2064
Tudor Clair de Rose;31;1091;3345
Corum Tabogan;22;1097;12500
Maurice Lacroix Masterpiece Small Seconde;17;1097;8822
Cartier Cougar;164;1099;12117
Girard Perregaux GP 7000;35;1099;11623
Sinn 456;1;1099;1099
Alpina Startimer Pilot Manufacture;7;1100;2271
Bell & Ross BR V1;55;1100;4993
Gérald Genta Gefica;24;1100;14980
Frederique Constant Manufacture;92;1100;10190
Eterna Super Kontiki;37;1100;10980
IWC Ingenieur;98;1100;17217
Mühle Glashütte Terranaut III Trail;2;1100;1290
Oris Artix Complication;4;1100;2100
Oris Aquis Small Second;45;1100;2475
TAG Heuer Formula 1 Calibre 6;28;1100;2104
Ikepod Megapode;12;1103;8822
Graf;16;1111;150763
Maurice Lacroix Masterpiece Réserve de Marche;16;1114;3500
TAG Heuer Carrera;905;1114;23183
Claude Meylan;39;1115;24645
Ball Fireman Storm Chaser;7;1116;2959
Breitling Colt Chronograph;53;1116;7984
Ebel X-1;7;1116;2567
Tudor Glamour Date;104;1116;7858
Ball Engineer Hydrocarbon Magnate;3;1117;2679
Mido Baroncelli Moonphase;2;1117;1117
Montblanc 1858;304;1117;32607
Chopard Happy Diamonds;372;1119;62738
Laco Dortmund;21;1121;2429
Longines Legend Diver;232;1126;13900
TAG Heuer Link Calibre 7;3;1126;1670
Laco Friedrichshafen;24;1130;2429
Paul Picot Paul Mariner III;17;1131;9862
Ball Engineer III;74;1132;3444
Jaquet-Droz Grande Seconde SW;59;1139;96611
Alexander Shorokhoff;110;1140;50319
Laco Westerland;15;1140;2429
Laco Saarbrücken;23;1140;2429
Ball Engineer Master II Diver;43;1150;3537
Armand Nicolet L06;1;1150;1150
Bertolucci Uomo;1;1150;1150
Concord Impresario;5;1150;4153
Mercure;1;1150;1150
Junghans Force Mega Solar;4;1160;1503
Mühle Glashütte S.A.R. Rescue-Timer;43;1160;2800
Dubey & Schaldenbrand;59;1163;13731
Maurice Lacroix Masterpiece Phases de Lune;49;1163;10031
Cartier Santos Galbée;398;1164;36434
Cartier 21 Chronoscaph;81;1165;6591
De Grisogono Instrumento N°UNO;34;1167;115000
Oris Dexter Gordon Limited Edition;1;1167;1167
Oris Artix Chronograph;8;1167;2687
Charriol Celtica;4;1170;1396
Mühle Glashütte Antaria;3;1170;3095
Mühle Glashütte 29er Big;26;1171;2395
Ball Engineer II Chronometer Red Label;1;1172;1172
Piaget Tanagra;25;1172;20102
Rolex Cellini;420;1172;97000
Chopard St. Moritz;58;1178;24513
TAG Heuer Carrera Calibre 6;26;1180;6701
Jaeger-LeCoultre Ideale;19;1190;9999
Oris Big Crown ProPilot Chronograph;14;1190;2725
U-Boat Thousands of Feet;15;1190;4442
Davosa Black Ternos;1;1195;1195
Longio;4;1195;6999
Breitling Chronomat;1060;1199;45676
Fortis B-42 Flieger;10;1199;2792
Tutima Military;14;1199;4995
Union Glashütte Seris;13;1199;4639
Breitling Cockpit Lady;36;1200;12500
Eberhard & Co. Champion V;25;1200;3172
JB Gioacchino;11;1200;3540
Meistersinger Pangaea Day Date;31;1200;2410
Sinn 240;4;1200;2480
Breitling Chronospace;27;1205;6968
Eberhard & Co. Tazio Nuvolari;83;1205;31288
Mühle Glashütte M 29 Classic;2;1205;1366
IWC Portofino Automatic;541;1206;23136
Montblanc Star 4810;17;1209;24634
Bell & Ross BR 01-92;57;1210;69999
Breitling Superocean;218;1210;23009
IWC Da Vinci Chronograph;73;1210;90223
Seiko Astron GPS Solar Chronograph;6;1210;2730
TAG Heuer Formula 1 Calibre 7;14;1210;2455
Montega;18;1217;18242
Tudor 1926;255;1220;3550
Movado Quadro;1;1223;1223
Rolex Precision;138;1228;930634
Cuervo y Sobrinos Prominente;39;1230;12320
Fortis B-42 Black;5;1230;3045
Citizen Eco-Drive One;71;1232;4881
Cuervo y Sobrinos Historiador;69;1232;21000
Oris ProDiver Date;7;1232;2786
Ralph Lauren;14;1232;8999
Tutima Grand Flieger Airport;13;1232;3731
Grand Seiko Heritage Collection;958;1234;86852
Mühle Glashütte Terrasport I;25;1239;2950
Patek Philippe Vintage;97;1239;128427
Anonimo Militare;37;1250;4706
Carl F. Bucherer Patravi;96;1250;39087
Union Glashütte Belisar Pilot;4;1250;1748
Porsche Design Dashboard;50;1256;12843
TAG Heuer Monaco Lady;21;1256;4355
Davosa X-Agon;5;1258;1495
Omega De Ville Trésor;398;1260;39990
Giuliano Mazzuoli Manometro;19;1264;6250
Cartier Ronde Solo de Cartier;196;1279;14077
Paul Picot Yachtman;21;1279;8642
Oris Calobra;4;1279;2488
IWC Yacht Club;70;1280;29327
Zenith Captain Chronograph;22;1280;14205
Eterna Heritage Military;2;1281;1456
Tudor Hydronaut;53;1281;4650
Eterna Heritage Pulsometer;6;1284;5370
Ball Trainmaster Roman;3;1290;2232
Chronoswiss Pacific;19;1290;4500
Marcello C. Diavolo;1;1290;1290
Sinn 656 / 657;2;1290;1650
TAG Heuer Carrera Calibre 16;548;1290;5123
IWC GST;64;1299;25900
Meistersinger Perigraph;41;1301;2786
Junghans Meister Telemeter;9;1302;2228
Maurice Lacroix Masterpiece Cinq Aiguilles;35;1302;7582
Cartier Pasha;781;1303;211556
Ernst Benz;24;1303;5122
Jacob & Co. Five Time Zone;118;1303;38007
Rolex Oyster Precision;81;1303;6999
Chronoswiss;48;1307;28757
Tudor Black Bay 32;48;1310;4000
Jaeger-LeCoultre Master Calendar;99;1312;69490
Tutima Grand Classic;18;1315;9990
Tudor Ranger;67;1320;117306
Victorinox Swiss Army Ambassador;2;1320;1514
Ball Trainmaster Cleveland Express;2;1340;1670
Eberhard & Co. Contograf;17;1340;18036
Oris Royal Flying Doctor Service Limited Edition;5;1340;1663
Ball Trainmaster Eternity;7;1348;2344
Ball Engineer Master II Aviator;9;1348;2234
Breitling Colt Skyracer;16;1349;2386
Perrelet Seacraft;4;1350;4000
Union Glashütte Belisar GMT;2;1350;1800
Frederique Constant Manufacture Slimline Moonphase;83;1370;9588
Oris Artelier Worldtimer;12;1373;3015
Zenith Baby Star;14;1374;88410
Ball Roadmaster;45;1378;3380
Michele Jetway;1;1378;1378
Hagal;1;1380;1380
Union Glashütte Noramis Date;33;1380;2803
Maurice Lacroix Pontos Chronographe Rétro;8;1385;3462
Luminox SR-71 Blackbird;1;1388;1388
Ebel Classic Hexagon;11;1390;6258
Revue Thommen Airspeed Instruments;3;1390;2047
Junkers Mountain Wave Project;1;1392;1392
Chopard Gstaad;21;1393;10525
Hermès Slim d'Hermès;16;1394;28087
Jaeger-LeCoultre AMVOX;50;1396;67028
IWC Pilot Mark;248;1396;39000
Oris Audi Sport;10;1396;2311
Oris Big Crown ProPilot;170;1396;8487
Union Glashütte Belisar Chronograph;49;1396;4709
Chanel J12;1164;1398;33122
Breitling B-1;38;1399;8500
Ebel Tarawa;11;1399;12490
Tutima M2;11;1399;4689
Bedat & Co Nº1;2;1400;2800
Bell & Ross BR 01-93 GMT;3;1400;2490
Chopard Two O Ten;25;1400;15635
Chopard La Strada;122;1400;54826
Frederique Constant Manufacture Classic Moonphase;19;1400;3893
Girard Perregaux Richeville;46;1400;13046
Franck Muller Cintrée Curvex;236;1400;148133
Maurice Lacroix Masterpiece Worldtimer;8;1401;3672
Oris Aquis Titanium Date;29;1406;3076
Azimuth Jagdbomber;3;1408;1670
Junghans Meister Kalender;9;1408;2289
Sevenfriday P3 BB;2;1408;1990
TAG Heuer Carrera Calibre 8;18;1408;3731
Meistersinger Salthora;6;1411;2563
Bell & Ross BR S;170;1412;10650
Ball Engineer Hydrocarbon Deepquest;14;1418;4466
NOMOS Tangente 38 Datum;19;1420;2566
NOMOS Ludwig 38;30;1422;2217
Oris Aquis;135;1423;4500
Sinn 103;40;1433;10000
Oris BC4;15;1446;4108
NOMOS Tangente 38;32;1446;2289
NOMOS Metro 38;22;1450;2395
Sinn UX;7;1450;4119
Van Cleef & Arpels Pierre Arpels;9;1450;36032
Bertolucci Pulchra;11;1451;9124
Jacob & Co.;147;1452;1225627
Breitling Aerospace Avantage;30;1459;8999
Longines Column-Wheel Chronograph;41;1461;8370
TAG Heuer SLR;13;1461;3192
Frederique Constant Ladies Automatic Heart Beat;17;1466;4650
Sinn 356;13;1466;3412
Hublot Elegant;46;1474;17465
Sinn 303;11;1481;2786
Franck Muller Long Island;266;1485;78117
Eterna Royal Kontiki;16;1490;4331
Milleret;2;1490;2228
Girard Perregaux Laureato;532;1494;167513
Blancpain;152;1495;390640
TAG Heuer Grand Carrera;123;1496;12669
Ball Engineer II Marvelight;10;1498;2735
Cartier Pasha C;401;1498;98537
Oris ProDiver GMT;15;1498;5025
Omega Speedmaster Date;400;1498;13414
Union Glashütte Noramis Chronograph;26;1498;3630
IWC Portofino Chronograph;272;1499;20012
Behrens;26;1500;18974
Alfred Rochat & Fils;4;1500;1850
Bell & Ross BR V2;288;1500;6100
Breitling Windrider;32;1500;35736
Corum Buckingham;22;1500;29928
Cartier Tank Française;718;1500;49249
Perrelet Class-T;6;1500;3345
TB Buti;25;1500;16700
Revue Thommen Moonphase;4;1500;2506
Rado HyperChrome Diamonds;70;1500;7174
Wyler Code R;9;1500;75600
Rolex Oyster Perpetual Lady Date;518;1508;12078
Ryser Kentfield;6;1508;5541
TAG Heuer Monza;39;1523;14896
Sinn 203;5;1523;3461
Sinn EZM 3;6;1524;3854
Bell & Ross BR 03;142;1529;6546
Breitling Colt Lady;10;1538;6057
TAG Heuer Carrera Calibre 1887;156;1539;8900
Luminox Field Automatic;2;1547;1843
Milus Agenios;1;1547;1547
Bulgari Lucea;123;1548;29594
Franck Muller Conquistador;115;1548;43638
Omega Seamaster 300;455;1548;126691
Rolex Oysterdate Precision;291;1548;9900
Chronoswiss Sirius;28;1549;13345
Anonimo Millemetri;5;1550;2850
Clerc;25;1550;9032
Davosa Vintage Rallye Pilot;1;1550;1550
Oris Hammerhead Limited Edition;5;1550;2450
Sinn 856 / 857;13;1550;2792
Union Glashütte Noramis Big Date;1;1550;1550
Porsche Design Chronotimer;35;1552;6686
TAG Heuer Link Calibre 18;5;1555;5602
Omega Speedmaster Day Date;245;1558;22334
Feldo;1;1563;1563
Ball Conductor;4;1568;2567
NOMOS Orion 1989;5;1571;3010
IWC Da Vinci Automatic;107;1583;37127
Cartier Tank Divan;81;1584;13960
NOMOS Club Automat;10;1586;4623
Breitling Top Time;142;1590;13401
Union Glashütte Belisar Big Date;2;1593;2195
Oris Miles Rectangular;2;1595;1995
Breitling Starliner;14;1597;19532
Chronoswiss Kairos;31;1599;15500
Cartier Ballon Bleu;200;1599;77838
Girard Perregaux Traveller;30;1599;25015
Maurice Lacroix Pontos Décentrique GMT;11;1599;10749
Piaget Emperador;35;1599;189844
Union Glashütte 1893 Regulator;2;1599;1700
Chopard Imperiale;455;1600;189849
IWC Portofino;51;1600;31828
Patek Philippe;475;1600;2503052
Ulysse Nardin San Marco;45;1600;50300
Davosa Ladies' Delight;7;1611;1611
Hanhart Primus;14;1625;9437
Oris Staghorn Restoration Limited Edition;3;1626;2233
Breitling Colt Chronograph Automatic;29;1627;4757
Oris Artelier Pointer Day Date;5;1629;2127
Eberhard & Co. Gilda;11;1636;5439
Bremont ALT1-P Pilot;4;1642;4441
Oris Aquis GMT Date;60;1644;3364
Sevenfriday M2-2;5;1646;2047
Michele Sport Sail;3;1647;2206
Breitling Aeromarine;3;1648;2446
JeanRichard 1681;5;1648;3629
JeanRichard Aeroscope;1;1649;1649
Corum Coin Watch;46;1650;16746
Dior VIII;77;1650;39000
Sinn U1;33;1650;4968
Breitling Colt GMT;19;1651;4243
Chronoswiss Lunar;23;1657;13960
Oris Carlos Coste Limited Edition;8;1658;3350
Union Glashütte Viro Chronograph;12;1662;2600
NOMOS Ludwig Automatik;10;1663;2860
Ball for BMW;2;1670;4466
Auricoste;7;1670;5576
Rolex Oyster Perpetual 26;218;1670;11493
Meistersinger Granmatik;2;1674;3095
Oris Artelier Chronograph;4;1674;2764
Bertolucci;6;1675;9032
Eterna Madison;2;1675;2580
Meistersinger Adhaesio;2;1675;1985
NOMOS Club Neomatik;63;1675;3671
Perrelet Eve;2;1680;2513
Sothis;5;1680;5950
Oris Aquis Depth Gauge;34;1684;4579
Breitling Superocean II 36;9;1693;3568
Omega De Ville Co-Axial;238;1695;27273
Union Glashütte 1893 Small Second;3;1699;1890
Breitling Duograph;44;1700;24700
Bell & Ross BR 02;15;1700;6699
Eberhard & Co. Chrono 4;91;1700;10721
IWC Ingenieur Chronograph;51;1700;19215
Jaeger-LeCoultre Reverso Squadra Lady;19;1700;10619
Omega Memomatic;23;1700;5209
Zenith Defy El Primero;320;1700;47755
A. Lange & Söhne;117;1701;351780
Bell & Ross BR 03-92 Steel;152;1701;8000
Rolex Daytona;5933;1704;1209593
Carl F. Bucherer Manero;66;1708;77091
Oris Big Crown 1917 Limited Edition;4;1713;2400
Cartier Pasha Seatimer;117;1722;32609
Cartier Santos Demoiselle;117;1722;36295
Omega Dynamic Chronograph;36;1722;4172
Junghans Meister Pilot;15;1724;2552
Tudor Heritage Ranger;15;1724;4095
Franck Muller Heart;18;1725;42938
Piaget Dancer;61;1739;61492
Frederique Constant Ladies Automatic World Heart Federation;7;1742;3777
TAG Heuer Autavia;211;1745;19325
Cartier Tank Solo;163;1747;30711
Cartier Roadster;405;1750;48015
NOMOS Club Automat Datum;48;1750;3015
NOMOS Ahoi;29;1750;3815
Rolex Oyster Perpetual Date;1130;1750;55603
NOMOS Tangente Neomatik;160;1753;4411
Cuervo y Sobrinos Torpedo;4;1754;4699
Rolex Oyster;87;1754;20805
Breitling Superocean Steelfish;21;1760;8765
Meistersinger Salthora Meta;21;1760;3765
Frederique Constant Manufacture Worldtimer;82;1768;163651
NOMOS Tangomat;20;1768;2849
Ball Engineer M;24;1769;4005
Tudor Glamour Date-Day;30;1778;3700
Breitling Colt 44;15;1781;6141
Movado Faceto;1;1785;1785
NOMOS Club Campus Neomatik;44;1786;2858
NOMOS Orion Neomatik;75;1790;3703
TAG Heuer Monaco Calibre 6;8;1792;4746
Armand Nicolet TM7;1;1800;1800
Ball Engineer Hydrocarbon Nedu;16;1800;4790
Breitling Cockpit;34;1800;12843
Anonimo Dino Zei;3;1800;5584
IWC Pilot;142;1800;67000
Jaeger-LeCoultre Master Ultra Thin;65;1800;29148
Jaeger-LeCoultre Atmos;84;1800;38000
Meistersinger Singular;3;1800;4729
Piaget Protocole;61;1800;31100
Oris Aquis Chronograph;9;1800;3870
Oris Big Crown X1;6;1800;2567
Zenith El Primero Chronograph;94;1800;15780
Breitling Chronomat Colt;34;1805;3518
Breitling Headwind;11;1809;4244
Graham Mercedes GP;3;1809;3050
NOMOS Orion Datum;13;1813;2786
Union Glashütte Belisar;9;1813;2650
Ludovic Ballouard;1;1814;1814
Mühle Glashütte Seebataillon GMT;8;1815;3963
Breitling Avenger Skyland;35;1817;4993
Frederique Constant Manufacture Zodiac;7;1837;2517
Laco Las Vegas;1;1837;1837
Jaeger-LeCoultre Master Control Date;49;1840;13836
B.R.M V6-44;41;1850;7510
Eberhard & Co. Scafograf 300;35;1850;6571
Graham;62;1850;78168
Fortis B-42 Stratoliner;2;1850;2233
Omega Speedsonic;14;1850;3695
Oris El Hierro Limited Edition;1;1850;1850
Bell & Ross BR 01-94 Chronographe;31;1857;7706
TAG Heuer Carrera Calibre HEUER 01;216;1859;10944
Bell & Ross BR 03-92 Ceramic;104;1860;4623
Breitling Avenger;492;1861;21780
Milus Tirion;6;1861;8841
Omega Seamaster 1948;18;1861;22778
TAG Heuer Monaco;364;1861;45000
Zenith Elite Dual Time;11;1866;7932
Oris Big Crown ProPilot Altimeter;8;1870;6149
Bedat & Co Nº2;3;1875;9730
Glashütte Original Senator Automatic;19;1875;14462
Richard Mille;195;1877;6253858
Blancpain Villeret;474;1890;243060
Mühle Glashütte Terranaut I Trail;2;1890;2571
Oris Big Crown ProPilot Worldtimer;20;1890;3422
Omega Speedmaster Reduced;361;1891;9750
Ball Engineer Hydrocarbon Spacemaster;5;1893;2966
Breitling Blackbird;66;1896;11190
Breitling Galactic 36;39;1896;13627
IWC Pilot Chronograph;473;1896;26941
Seiko Galante;44;1896;11845
Sinn 6100;5;1896;9650
Breitling Aviator 8;294;1897;22486
Breitling Endurance Pro;331;1897;4255
Anonimo Wayfarer;2;1898;2355
Bell & Ross BR 03-94 Chronographe;130;1900;7307
B.R.M;117;1900;109825
Chronoswiss Timemaster;47;1900;10833
Graham Silverstone;48;1900;33502
Hublot Classic Fusion;1515;1900;185000
NOMOS Metro 38 Datum;24;1900;2735
Union Glashütte Sirona;2;1900;3983
Ulysse Nardin Michelangelo;47;1900;27913
Omega De Ville X2;4;1905;4200
Bremont;54;1936;21702
Oris ProDiver Chronograph;3;1936;3713
NOMOS Club Datum;5;1943;3450
Breitling Superocean Chronograph II;55;1949;12599
Breitling Astromat;8;1950;6699
Breitling Galactic 32;23;1950;19487
Chronoswiss Orea;5;1950;4461
Franck Muller Casablanca;188;1950;37225
IWC Ingenieur Automatic;110;1950;17673
NOMOS Tangomat Datum;13;1950;2848
Oris Raid;6;1950;3200
Tonino Lamborghini 1947;2;1950;1990
ZRC;77;1950;20000
Tudor Submariner;226;1950;90000
Union Glashütte 1893;18;1950;10750
Grand Seiko Elegance Collection;510;1952;47419
Breitling Galactic 30;10;1953;5441
Breitling Shadow Flyback;2;1955;3538
NOMOS Ahoi Atlantik;7;1956;3394
Breitling Chrono Cockpit;36;1961;9693
Tudor Black Bay 36;52;1980;3980
Tudor Black Bay;866;1982;52788
Breitling Superocean 42;212;1990;6695
Oris Artix;2;1990;2259
Sinn 144;5;1990;3650
Tudor Grantour Date;9;1990;3239
Tudor Glamour Double Date;43;1990;4578
Zenith Elite Ultra Thin;63;1990;18883
Breitling Airwolf;15;1992;3925
Corum Admiral's Cup Legend 42;64;1992;32874
Corum Admiral's Cup Competition 48;34;1992;10410
Graham Chronofighter 1695;14;1992;7259
Jorg Hysek Abyss;13;1995;19255
Bulgari Sotirio;26;1997;16500
Zenith New Vintage 1965;1;1997;1997
Breitling Avenger Seawolf;96;1999;8097
Breitling Colt 36;6;1999;4466
Eterna Super Kontiki Limited Edition 1973;1;2000;2000
Jaeger-LeCoultre Odysseus;10;2000;15414
Junghans Meister Agenda;6;2000;2095
Rolex Lady-Datejust;3988;2000;798000
De Grisogono;32;2005;36000
Carl F. Bucherer Pathos;7;2010;6990
Sinn 140;10;2016;6175
Tudor Black Bay 41;108;2033;6695
Breitling Galactic;28;2038;37188
Piaget Possession;84;2040;65958
Breitling Crosswind Racing;55;2047;19780
Breitling Superocean 44;247;2047;11880
Grand Seiko Sport Collection;395;2047;61422
Graham Chronofighter;52;2047;18652
Meistersinger Unomatik;2;2047;2150
NOMOS Ludwig Neomatik;26;2047;4161
Bell & Ross BR 01-96 Grande Date;6;2064;5751
Graham Chronofighter Oversize;68;2064;15020
Sinn 756 / 757;9;2064;2979
Omega De Ville Hour Vision;198;2066;39720
Breitling Superocean II 42;24;2070;5599
Sinn 956;1;2081;2081
Ball Engineer Master II Skindiver;11;2084;3700
Damasko DC 57;2;2088;2457
Sinn U2;2;2089;3146
Laco Kiel;66;2090;3071
NOMOS Tangomat Ruthenium;18;2090;3501
Cartier Ronde Croisière de Cartier;96;2094;5896
TAG Heuer Carrera Calibre 17;33;2094;6546
Romain Jerome Moon-DNA;57;2094;82194
Frederique Constant Manufacture Heart Beat;6;2097;4669
Oris Carl Brashear;37;2098;4690
Rainer Brand;9;2098;5500
TAG Heuer Targa Florio;5;2099;2575
Cartier La Dona de Cartier;44;2100;26791
Corum Admiral's Cup GMT 44;6;2100;5268
Breitling Transocean Day & Date;20;2100;13345
Ebel 1911 BTR;19;2100;21115
NOMOS Tangente Gangreserve;13;2100;3207
Perrelet Classic Double Rotor;2;2100;4650
Rolex Oyster Perpetual 31;625;2100;26950
Tudor Grantour;3;2100;2750
Itay Noy;5;2106;4889
Ulysse Nardin Classico;48;2106;34865
Breitling Superocean 36;89;2107;5900
Breitling Colt Chronograph II;8;2112;5595
Oris Miles;1;2116;2116
NOMOS Minimatik;20;2130;3135
Tiffany CT60;10;2142;3984
Carlo Ferrara;7;2147;17812
Cuervo y Sobrinos Robusto;15;2150;6900
Mühle Glashütte S.A.R. Flieger-Chronograph;12;2150;4633
Baume & Mercier William Baume;2;2164;9558
Breitling Chronomat Evolution;187;2167;27919
Montblanc Princess Grace De Monaco;15;2167;9518
Zenith El Primero Chronomaster Lady;10;2167;14677
Longines Présence Heritage;15;2172;4901
Perrelet Turbine XL;21;2187;5400
Rolex Oyster Perpetual 34;611;2187;111668
Breitling B-2;16;2190;3908
Chronoswiss Cabrio;2;2190;5813
Sinn U212;3;2190;3500
NOMOS Metro Neomatik;88;2199;7623
Sinn 142;9;2199;4700
Bell & Ross BR 03-96 Grande Date;3;2200;2415
Breitling Navitimer 8;142;2200;17160
NOMOS Tangomat GMT;13;2200;4129
Omega Speedmaster Mark IV;39;2200;5995
Tudor Heritage Advisor;13;2200;7444
Porsche Design Diver;8;2219;5500
Jaeger-LeCoultre Master Control;59;2222;21064
Ball Engineer II Magneto S;2;2228;2786
Christofle;1;2228;2228
Tutima Valeo;2;2228;7500
Maurice Lacroix Masterpiece Squelette;46;2230;14393
U-Boat Chimera;60;2233;9066
Breitling Avenger II GMT;28;2234;8097
Oris Aquis Titan Chronograph;2;2234;2456
Richard Mille RM 011;191;2234;1099924
Chronoswiss Régulateur;69;2244;29280
Omega Speedmaster Ladies Chronograph;40;2244;21426
Sinn 157;12;2245;5900
Dewitt;20;2250;531990
Tudor Grantour Chrono;9;2250;3500
Bremont Solo;11;2253;5161
Mühle Glashütte Marinus;1;2258;2258
Omega Speedmaster Racing;488;2274;29859
Breitling Avenger Blackbird;13;2275;17596
Martin Braun;15;2280;16565
Vulcain Aviator;14;2281;28701
Franc Vila;48;2287;94395
Corum Admiral's Cup Challenger;42;2289;30838
Cartier Ballon Bleu 28mm;216;2289;33224
Montblanc Villeret;8;2291;68000
Mühle Glashütte 29er Chronograph;24;2293;3025
Sinn 903;12;2294;6190
Clerc Hydroscaph H1 Chronometer;18;2300;5795
Cartier Tank Américaine;483;2300;64989
Angular Momentum;19;2310;54316
Breitling Avenger II Seawolf;25;2324;3908
Tudor Sport Aeronaut;6;2326;2999
Breitling Superocean II 44;19;2331;4488
Franck Muller Vanguard;517;2331;151999
Vulcain Anniversary Heart;5;2331;4532
Omega Speedmaster Mark II;111;2339;12769
Breitling Hercules;9;2345;6589
Breitling Superocean Heritage 46;64;2346;5534
Breitling Superocean GMT;3;2350;3800
Piaget Gouverneur;28;2350;36760
Omega Speedmaster Professional Moonwatch;2088;2350;115950
Breitling Colt GMT+;4;2359;2580
Oris ProDiver Pointer Moon;1;2359;2359
NOMOS Metro Datum Gangreserve;16;2366;3853
Bell & Ross BR 03-97 Réserve de Marche;3;2375;2980
Revue Thommen Regulator;1;2376;2376
Jaeger-LeCoultre Reverso Dame;52;2377;13943
Longines Twenty-Four Hours;7;2390;3344
Sinn 358;4;2390;3850
Anonimo Cronoscopio;3;2395;2999
L'Epée;5;2399;27273
NOMOS Zürich Datum;18;2399;3766
Chopard Grand Prix de Monaco Historique;67;2400;14378
Ebel 1911 Tekton;8;2400;6446
U-Boat U-42;7;2400;5020
Tudor Sport Chronograph;13;2400;5583
Tudor Black Bay Fifty-Eight;552;2400;17521
Rolex Prince;42;2401;49736
Chronoswiss Classic;10;2407;8878
Fortis B-42 Monolith;2;2410;2900
NOMOS Zürich;26;2413;10237
Omega Speedmaster Mark III;30;2413;4899
Armand Nicolet LS8;1;2426;2426
Omega Seamaster Railmaster;231;2429;27500
Omega Constellation Men;198;2429;37985
Breitling Super Avenger;153;2431;13958
Franck Muller Color Dreams;69;2439;82305
Dodane;8;2440;12340
Ming;68;2440;54076
Breitling Avenger II;45;2447;8097
Jaeger-LeCoultre Reverso;308;2450;67155
Breitling Galactic 41;25;2455;7140
Perrelet Turbine;31;2456;7817
Bremont ALT1-C Classic;22;2457;8072
Bell & Ross BR 01-97 Réserve de Marche;4;2462;9492
Breitling Aerospace EVO;45;2463;8933
Ikepod Isopode;3;2463;3312
NOMOS Tetra Neomatik;24;2470;3911
NOMOS Ahoi Neomatik;34;2471;3811
Chanel Boy-Friend;134;2472;35904
Piaget Altiplano;257;2479;150183
Franck Muller Master Square;71;2480;37970
Cartier Clé de Cartier;136;2490;48691
Pierre Kunz;68;2490;64519
Rolex Submariner Date;4582;2490;446704
Mühle Glashütte Germanika;2;2495;2495
Graham Swordfish;22;2497;12061
Jaermann & Stübi;9;2498;8344
Boegli;6;2500;4255
Breitling Chrono-Matic;82;2500;20448
Bulgari Parentesi;10;2500;19543
Breitling Superocean Heritage;311;2500;37970
Corum Admiral's Cup Seafender Tides 48;15;2500;69900
IWC Portofino Hand-Wound;163;2500;52900
Maurice Lacroix Pontos S Supercharged;3;2500;3347
Paul Picot Technograph;15;2500;75600
Ulysse Nardin Marine;68;2500;19878
Tudor Chronautic;9;2500;3826
Zenith Captain Central Second;19;2500;10525
B.R.M V12-44;39;2503;20422
Rolex Air King;1181;2503;33122
Corum Heritage;25;2507;74220
IWC Aquatimer Automatic;106;2513;17882
Bremont MB;21;2522;7619
Breitling Montbrillant;76;2550;14000
Omega Museum;25;2550;22900
NOMOS Ahoi Atlantik Datum;5;2550;3376
Jorg Hysek V-King;2;2556;3000
Ball Engineer Master II DLC;1;2559;2559
Breitling Skyracer;19;2595;5100
Milus Herios;8;2599;38752
Zenith Captain Power Reserve;6;2599;17017
Bell & Ross BR 01;20;2600;52348
Breitling Superocean Heritage 42;69;2600;9157
Damasko DC 56;1;2600;2600
Breitling Chronospace Military;12;2609;5147
Tudor Black Bay Bronze;151;2609;6310
Breitling Superocean Heritage Chronograph;144;2652;37225
Daniel Roth;77;2667;96426
IWC Portuguese;73;2679;42000
NOMOS Ahoi Datum;10;2679;5204
Breitling Chrono Galactic;5;2690;15055
Cartier Ronde Louis Cartier;91;2690;42381
Bremont Supermarine;30;2690;7679
IWC Ingenieur AMG;51;2690;11166
Jaeger-LeCoultre Reverso Classique;151;2692;16638
Cartier Ballon Bleu 42mm;266;2693;98226
IWC Pilot Spitfire UTC;26;2694;11490
Tudor Black Bay S&G;126;2697;6920
TAG Heuer Carrera Calibre 36;33;2698;6666
Tudor Heritage Chrono;54;2698;5578
Piaget Upstream;8;2700;8990
Ulysse Nardin Diver;12;2700;18100
Tudor Fastrider Chrono;20;2700;4890
Bell & Ross BR V3;19;2726;4358
Jaeger-LeCoultre Reverso Squadra World Chronograph;6;2730;27990
Bell & Ross BR 05;358;2733;28698
Perrelet Turbine Pilot;12;2735;5022
Audemars Piguet Huitième;40;2750;32540
Breitling Superocean Chronograph M2000;8;2750;6449
Cartier Ballon Bleu 36mm;275;2751;82440
Sinn 156;11;2756;5500
Tudor Black Bay Dark;46;2757;6696
Graham Chronofighter R.A.C.;19;2775;20400
Ulysse Nardin San Marco Big Date;5;2780;12619
Oris Tubbataha Limited Edition;1;2786;2786
Artya;22;2787;43678
Bell & Ross BR 03-51 GMT;5;2787;5729
Rolex Datejust 31;2624;2791;88191
Tudor Black Bay GMT;295;2791;7000
Breitling Bentley Motors;72;2792;44999
Breitling Superocean 46;90;2792;7910
Tudor Iconaut;6;2792;3800
Tudor Grantour Chrono Fly-Back;17;2795;8927
Girard Perregaux WW.TC;52;2799;29111
Vacheron Constantin Patrimony;405;2799;446425
Bremont ALT1-Z Zulu;7;2814;5025
IWC Aquatimer Automatic 2000;58;2814;8164
Omega Speedmaster Broad Arrow;152;2846;124831
Tudor Pelagos;334;2846;15018
Snyper;4;2847;8376
Union Glashütte Averin;6;2847;3731
Corum Admiral's Cup Legend 38;23;2850;12992
Sinn 6000;5;2863;7074
Breitling Super Avenger II;54;2866;11261
Breitling Chronomat 44;253;2871;32572
Cartier Santos 100;314;2871;94871
Piaget Limelight;131;2875;71864
DeLaneau;12;2880;77422
Breitling Transocean Chronograph 1915;10;2884;12303
Meistersinger Lunascope;18;2885;4350
Romain Jerome;37;2885;42013
Sinn 900;6;2890;4523
Chronoswiss Imperia;5;2893;8750
Audemars Piguet Royal Oak;1118;2896;1775649
Breitling Superocean Heritage II 42;196;2897;6701
Sinn EZM 13;1;2899;2899
Audemars Piguet Promesse;20;2900;13401
Blancpain Léman Ultra Slim;18;2900;12370
Breitling Crosswind Special;20;2900;29929
Breitling Old Navitimer;69;2900;31828
Glashütte Original Pavonina;89;2900;31548
Zenith Elite Power Reserve;17;2900;11112
Bremont Boeing;12;2904;5476
Hermès Dressage;9;2912;22334
Zenith El Primero Chronomaster;417;2913;24966
Cartier Tank Anglaise;125;2938;51300
Corum Admiral's Cup Competition 40;13;2940;15000
Meistersinger Circularis;19;2946;4623
Breitling Avenger Blackbird 44;14;2950;10846
Jaeger-LeCoultre Master Compressor Chronograph;38;2950;18427
Arnold & Son;48;2952;90000
Rolex Datejust 36;8154;2957;111675
Audemars Piguet Code 11.59;193;2965;264641
Breitling Emergency;49;2966;83756
Breitling Superocean Heritage II 46;143;2990;6800
Chopard Your Hour;31;2990;33502
NOMOS Autobahn;38;2990;5444
Corum Admiral's Cup Seafender Centro;9;2995;6699
Blancpain Le Brassus;19;2999;85507
Breitling Chronomat 36;153;3000;24050
Blancpain Villeret Moonphase;33;3000;144413
Breitling Avenger Bandit;10;3000;5305
Aristo Navigator;1;3000;3000
Audemars Piguet Jules Audemars;155;3000;305956
Omega Seamaster Planet Ocean Chronograph;361;3000;31260
JeanRichard Paramount;7;3015;18595
Parmigiani Fleurier;25;3018;94925
Bulgari Serpenti;164;3021;67006
Bremont Jaguar;6;3025;6645
Dewitt Academia;85;3025;149294
TAG Heuer Monaco Calibre 12;71;3026;10237
Zenith El Primero Synopsis;7;3034;9400
Breitling Superocean Chronograph Steelfish;2;3039;3350
Ulysse Nardin Executive Dual Time Lady;8;3039;14938
Zenith Pilot Type 20 Extra Special;85;3044;7957
Ulysse Nardin Marine Chronometer 41mm;27;3050;29175
Franck Muller Master Banker;72;3066;24513
Hanhart Racemaster;1;3066;3066
Hublot Big Bang;853;3098;443232
Corum Admiral's Cup Seafender Deep Hull;11;3099;8355
De Grisogono Tondo By Night;2;3100;3494
Hublot Super B;23;3100;13934
Ulysse Nardin Dual Time;52;3100;21618
Tudor Heritage Chrono Blue;22;3102;5701
Breitling Bentley Flying B;41;3104;61422
Oris Big Crown ProPilot Calibre 111;10;3104;4704
Panerai Radiomir Black Seal;107;3104;12736
B.R.M V8-44;5;3110;9990
Zenith Elite Chronograph Classic;12;3112;10051
Perrelet Skeleton Chrono;6;3118;10900
Rolex Air King Date;21;3118;10185
Bremont U-2;3;3127;6263
Cartier Calibre de Cartier;152;3129;94925
Breitling Navitimer GMT;29;3129;14512
Breitling Chronomat GMT;67;3154;7623
Oris Big Crown ProPilot Chronograph GMT;1;3167;3167
Breitling Galactic Unitime;33;3174;7594
NOMOS Metro;7;3175;6170
Blancpain Villeret Ultra-Plate;345;3190;164541
Audemars Piguet Royal Oak Offshore;247;3192;1596967
Chronoswiss Delphis;7;3199;13900
Ennebi;15;3200;5578
Omega Speedmaster Spacemaster Z-33;10;3200;5871
IWC Portuguese Hand-Wound;82;3201;30147
Oris Artelier Calibre 113;3;3202;4796
Cvstos Challenge;120;3210;43180
Breitling Chronomat 38;15;3213;10200
Lebeau-Courally;6;3250;75000
IWC Portuguese Chronograph;615;3257;22944
Panerai Radiomir;121;3257;84000
Vacheron Constantin Malte;83;3257;171702
Oris Artelier Translucent Skeleton;1;3279;3279
Rolex Cellini Time;30;3279;22900
IWC Aquatimer Chronograph;213;3285;18088
Perrelet Turbine Diver;4;3287;5578
Bremont ALT1-B;2;3294;3519
Tudor Glamour;1;3294;3294
Jaeger-LeCoultre Master Compressor Lady Automatic;13;3300;6699
Hublot Classic Fusion Quartz;208;3300;25020
Ulysse Nardin Marine Chronograph;34;3300;25800
Corum Admiral's Cup Leap Second 48;6;3303;25300
Romain Jerome Titanic-DNA;34;3303;72589
Ulysse Nardin Maxi Marine Diver;62;3304;83757
Cvstos Challenge-R;14;3312;27500
IWC Pilot Spitfire Chronograph;147;3312;24792
IWC Pilot’s Watch Automatic 36;26;3320;5873
Rolex Cellini Danaos;29;3320;9144
Ulysse Nardin Marine Chronometer 43mm;22;3320;18985
Breitling Montbrillant Datora;35;3342;22207
Breitling Chronomat 41;40;3345;23653
Cartier Santos Dumont;203;3345;53492
Vacheron Constantin Harmony;24;3345;75000
Linde Werdelin;8;3349;6800
Bulgari Octo;484;3350;203999
Cartier Tank MC;63;3350;52100
Chronoswiss Chronoscope;18;3350;20093
Ikepod Hemipode;7;3350;10944
Rolex Chronograph;91;3360;1001221
Chronoswiss Tora;3;3380;4650
Franck Muller Conquistador GPG;30;3384;44112
Damasko;1;3394;3394
Glashütte Original Lady Serenade;71;3394;18888
Chronoswiss Chronometer Chronograph;3;3400;7138
Cartier Diabolo;27;3400;15000
Ulysse Nardin Lady Diver;29;3400;31523
Breitling Navitimer 01;39;3402;32000
Breitling Transocean Chronograph 38;7;3409;8561
Graham Silverstone RS;18;3409;6852
Breitling Navitimer World;64;3432;15635
Breitling Chronomat 44 GMT;26;3443;10051
Tudor Tiger Prince Date;35;3444;14462
Breitling Bentley GMT;20;3449;21419
De Grisogono Instrumentino;14;3450;41428
Corum Admiral's Cup AC-One;46;3461;58853
Zenith Captain Moonphase;11;3461;20421
Panerai Luminor Marina;332;3500;42995
Tudor Fastrider Black Shield;26;3500;6924
Audemars Piguet Royal Oak Offshore Diver;319;3513;100507
Panerai Luminor Base Logo;64;3513;6900
Tudor North Flag;23;3513;5520
Jaeger-LeCoultre Reverso Squadra;5;3518;19990
Breitling Cockpit B50;13;3519;19250
Chopard Superfast;66;3550;23225
Glashütte Original Sixties Panorama Date;44;3555;14685
Zenith Elite 6150;14;3562;11498
Omega Seamaster Apnea;4;3568;7550
Engelhardt;1;3574;3574
IWC Aquatimer;15;3574;24905
Tudor Black Bay Chrono;406;3574;10194
Panerai Ferrari;56;3576;28027
Breitling Chrono-Matic 49;14;3599;12295
Breitling Bentley GT;39;3606;22335
Panerai Luminor Marina Automatic;171;3621;22950
Montblanc Nicolas Rieussec;60;3622;27361
Panerai Luminor Power Reserve;69;3629;11965
Linde Werdelin 3 Timer;1;3636;3636
Breitling Exospace B55 Connected;23;3650;8286
Cartier Ballon Bleu 33mm;177;3650;65880
Chronoswiss Chronograph Rattrapante;5;3650;10110
Patek Philippe Golden Ellipse;286;3650;114000
Vacheron Constantin Historiques;171;3650;168455
Breitling Avenger Hurricane;25;3676;8955
Tudor Fastrider;1;3680;3680
Vacheron Constantin Overseas;527;3680;358893
NOMOS Zürich Weltzeit;27;3694;7445
Breitling Superocean 48;27;3700;6142
Breitling Navitimer Cosmonaute;58;3700;28000
Glashütte Original Senator Hand Date;10;3700;5910
Zenith Pilot Type 20 GMT;20;3700;8157
Blancpain Fifty Fathoms Bathyscaphe;491;3708;32335
Vulcain Nautical;10;3719;18000
Carl F. Bucherer Alacria;7;3720;6876
Oris Artelier Calibre 112;12;3720;8314
Zenith El Primero 36'000 VpH;33;3722;7700
Glashütte Original Senator Panorama Date Moon Phase;12;3723;13000
Rolex Datejust Oysterquartz;215;3723;82114
Panerai Radiomir 3 Days 47mm;75;3735;9258
Panerai Radiomir 1940 3 Days;72;3737;22890
Breitling Montbrillant Olympus;11;3740;14560
TAG Heuer Carrera Calibre 18;4;3742;5252
Breitling Chrono-Matic 1461;8;3750;7593
Panerai Luminor Base 8 Days;38;3781;7259
Perrelet Turbine Chrono;5;3781;4800
Omega Speedmaster Skywalker X-33;37;3790;6908
TAG Heuer Carrera Porsche Chronograph Special Edition;91;3790;23206
Ulysse Nardin Marine Torpilleur;62;3790;23333
DeLaneau First Lady;2;3791;5999
Bremont ALT1-WT World Timer;8;3794;5166
Hublot Classic Fusion Blue;537;3812;82605
Meistersinger Singulator;1;3812;3812
Breitling Superocean Heritage II Chronograph;188;3813;8300
Panerai Radiomir 8 Days;85;3825;24848
Panerai Luminor Base;67;3837;46917
Panerai Radiomir Black Seal 3 Days Automatic;24;3840;7806
Breitling Transocean 38;3;3850;5132
Glashütte Original Senator Karrée;23;3850;35900
Hentschel Hamburg;2;3850;8400
Vangarde;2;3850;3850
Breguet Classique;825;3853;150751
Jaeger-LeCoultre Grande Reverso Lady Ultra Thin;14;3855;16340
Oris Artelier Calibre 111;19;3862;13239
Breitling Montbrillant Légende;20;3865;10499
Glashütte Original Senator Chronograph;7;3878;11633
Breitling for Bentley;45;3890;65000
Breitling Chronomat 44 Airborne;16;3895;7002
Nouvelle Horlogerie Calabrese (NHC);3;3895;6500
Panerai Luminor GMT Automatic;93;3896;19873
Roger Dubuis;64;3896;196523
Ulysse Nardin Executive Dual Time;48;3900;20600
Ball Trainmaster Worldtime;2;3903;4234
Franck Muller Conquistador Cortez;61;3909;44615
Parmigiani Fleurier Kalpa;70;3909;179073
Rolex Datejust Turn-O-Graph;366;3909;25500
Zenith El Primero Stratos Flyback;27;3911;34011
TAG Heuer Silverstone;3;3912;5975
Breitling Bentley 6.75;42;3924;27137
Omega Constellation Petite Seconde;79;3934;23981
Jaeger-LeCoultre Reverso Classic Small;77;3937;24140
Breitling Bentley Barnato;27;3950;19654
Breitling Chronomat 44 Raven;14;3950;7203
Panerai Luminor Marina 1950 3 Days Automatic;232;3964;24010
Porsche Design Worldtimer;6;3980;8067
Panerai Luminor Marina 8 Days;40;3983;24558
Blancpain Léman Fly-Back;26;3990;45000
Breitling Navitimer Heritage;43;3990;6533
Omega Speedmaster Professional Moonwatch Moonphase;271;3990;37421
Parmigiani Fleurier Tonda;161;3990;102500
Cartier Tank Louis Cartier;152;3999;43080
Breitling Chronoliner;23;4000;22314
Breitling Galactic 44;3;4000;5020
Glashütte Original Senator;26;4000;39480
Glashütte Original Senator Power Reserve Display;6;4000;7500
Breguet;111;4044;170766
Tissot Bellflower;1;4047;4047
Quinting;9;4067;44029
Valbray;3;4067;6000
Glashütte Original Sport Evolution Chronograph;3;4068;6750
Glashütte Original Senator Navigator Automatic;3;4076;5490
Ulysse Nardin Quadrato Dual Time;9;4076;18500
Thomas Ninchritz;2;4083;6600
Omega Speedmaster '57;208;4095;18142
Ulysse Nardin Lady Diver Starry Night;3;4100;8600
Breitling Transocean Unitime Pilot;20;4106;17005
TAG Heuer Monaco Calibre 11;57;4106;9900
Zenith El Primero Sport;8;4119;10900
Ulysse Nardin Diver Chronometer;27;4139;19013
Breitling Montbrillant 01;6;4150;10626
Jaeger-LeCoultre Reverso Duetto;72;4157;46904
Frederique Constant Manufacture Slimline Perpetual Calendar;71;4186;25800
Breitling Navitimer 1 B01 Chronograph;508;4188;38528
Jaeger-LeCoultre Reverso Grande Taille;57;4188;21230
Kobold;6;4188;8097
Panerai Luminor Due;258;4188;36295
Vogard;3;4188;5810
Cartier Baignoire;219;4224;77536
Junghans Aerious Chronoscope;1;4250;4250
Zenith El Primero Big Date Special;3;4266;4720
Patek Philippe Calatrava;1273;4269;325167
Cartier Calibre de Cartier Diver;86;4278;32186
Panerai Luminor Chrono;54;4281;17310
Panerai Luminor 1950 3 Days GMT Power Reserve Automatic;53;4298;11264
Breitling Chronospace Automatic;3;4300;5000
Azimuth SP-1 Spaceship;4;4300;6472
Blancpain Villeret Quantième Complet;162;4300;58608
Cartier Drive de Cartier;61;4300;61087
Hublot Classic Fusion Racing Grey;316;4300;31990
Omega Globemaster;214;4300;43371
Zenith El Primero Original 1969;12;4300;10273
Breitling Bentley Mark VI;25;4331;37225
Jaeger-LeCoultre Reverso Squadra Hometime;23;4331;22890
Panerai Luminor Submersible;480;4331;134011
TAG Heuer Carrera Heuer-02T;59;4350;65183
Cartier Calibre de Cartier Chronograph;42;4352;22334
Breitling Transocean Chronograph Unitime;61;4352;19538
Oris Artelier Alarm;2;4354;6159
Rolex Explorer;1160;4374;77352
Porsche Design Monobloc Actuator;18;4399;7471
Porsche Design Indicator;8;4399;11800
Chronoswiss Opus;12;4400;13960
IWC Portuguese Automatic;412;4400;25127
Askania Quadriga;1;4402;4402
Rolex Day-Date;133;4411;322593
Blancpain Léman;41;4421;61422
Glashütte Original Senator Panorama Date;13;4428;17857
Jaeger-LeCoultre Master Grande Ultra Thin;56;4449;25127
Bulgari Daniel Roth;23;4458;31828
Pierre DeRoche;20;4489;28003
Jaeger-LeCoultre Master Compressor Diving GMT;13;4490;9492
Perrelet Turbine XS;5;4490;6856
Breitling Transocean Chronograph GMT;4;4495;6158
Bell & Ross BR 03-90 Grande Date et Reserve de Marche;3;4500;21115
Jaeger-LeCoultre Master Compressor;31;4500;24822
Pequignet Royale 300;6;4500;5647
Cartier Ballon Bleu 44mm;46;4528;32516
Cvstos;87;4577;56520
Rolex Oyster Perpetual 36;676;4577;39025
D.Dornblüth & Sohn;2;4590;9990
Panerai Radiomir GMT;24;4591;55280
IWC Pilot Double Chronograph;52;4600;29594
Zenith El Primero Winsor Annual Calendar;13;4600;25608
Glashütte Original Sport Evolution;2;4604;10608
Panerai Luminor;68;4607;67000
Glashütte Original Senator Excellence;313;4630;30870
Porsche Design Heritage;3;4650;5490
Panerai Radiomir 1940 3 Days Automatic;83;4656;17647
Panerai Luminor 1950 3 Days GMT Automatic;104;4679;14976
Glashütte Original Sixties Chronograph;25;4686;9743
F.P.Journe Souveraine;35;4690;658889
Audemars Piguet Royal Oak Lady;380;4700;226200
Clerc Hydroscaph GMT;2;4700;4914
Meistersinger Paleograph;1;4700;4700
Cartier Lanières;5;4725;14893
Omega Speedmaster HB-SIA;41;4744;7900
Panerai Radiomir 1940;14;4746;19767
Rolex Yacht-Master;286;4760;200905
Oris Big Crown ProPilot Calibre 114;4;4775;4936
Breitling Bentley Le Mans;7;4790;7800
Glashütte Original Senator Observer;62;4794;10051
Movado SE Extreme;2;4800;4800
Breitling Transocean Chronograph 1461;17;4839;19750
Cartier Ballon Bleu 40mm;48;4839;37746
Jaeger-LeCoultre Polaris;238;4839;49500
Ulysse Nardin Diver Black Sea;20;4839;13401
Cornehl;12;4840;18655
Panerai Luminor 1950;82;4846;34620
Ulysse Nardin Classico Luna;8;4850;11500
Patek Philippe Gondolo;354;4881;240338
Sinn U1000;2;4886;5298
Rolex Oyster Perpetual 28;76;4887;9444
De Grisogono Instrumento Grande;3;4891;15246
Clerc Hydroscaph TI Large Date;1;4900;4900
Harry Winston Premier;125;4900;66615
Jaeger-LeCoultre Grande Reverso Ultra Thin;15;4910;30000
Zenith El Primero 410;15;4910;16908
Zenith El Primero New Vintage 1969;7;4913;8400
Breitling Navitimer 1461;10;4914;8488
Ulysse Nardin Caprice;13;4920;37406
Breitling Bentley Supersports;18;4950;24513
Panerai Radiomir 10 Days GMT;13;4950;14429
Ulysse Nardin Hammerhead Shark;6;4950;13890
Ulysse Nardin Marine Chronometer Manufacture;43;4950;29900
Jaeger-LeCoultre Master Hometime;18;4966;18425
Glashütte Original Senator Chronograph XL;7;4970;6927
IWC Ingenieur Double Chronograph Titanium;26;4984;11581
Corum Admiral's Cup Seafender 50 Chrono LHS;5;4990;7395
Audemars Piguet Millenary;90;4999;273606
Arnold & Son HMS1;5;5000;13420
Jaeger-LeCoultre Reverso Squadra Chronograph GMT;19;5000;32330
Jaquet-Droz Grande Seconde;281;5055;185896
Panerai Luminor 1950 3 Days Power Reserve;18;5075;10944
Blancpain Fifty Fathoms;331;5095;200445
Blancpain Léman Moonphase;55;5100;39285
IWC Novecento;17;5100;16696
Omega Seamaster PloProf;60;5118;15018
Breitling Chronomat 44 Blacksteel;3;5119;6695
Van Cleef & Arpels Charms;10;5130;94701
Linde Werdelin Oktopus Double Date;2;5136;5287
Hublot Classic Fusion Chronograph;724;5173;67140
Van Cleef & Arpels Alhambra;16;5176;28757
Piaget Polo FortyFive;26;5200;28606
Harry Winston Avenue;197;5201;262821
Tudor Oysterdate Big Block;105;5201;21151
IWC Pilot Chronograph Top Gun;116;5215;42431
Louis Moinet;18;5215;435537
Bertolucci Voglia;1;5226;5226
IWC Portuguese Yacht Club Chronograph;100;5228;20046
Cartier Rotonde de Cartier;104;5243;148000
IWC Big Ingenieur;20;5248;18985
IWC Big Ingenieur Chronograph;25;5250;31250
Breguet Marine;611;5305;271493
Linde Werdelin Oktopus;1;5305;5305
Christiaan v.d. Klaauw;17;5350;66883
Dewitt Twenty-8-Eight;26;5351;97158
Hublot Big Bang 44 mm;615;5388;131488
Franck Muller Crazy Hours;8;5398;89285
Perrelet Turbine XXS;1;5400;5400
Hublot Big Bang King;54;5439;83500
Villemont;7;5459;18748
Jaquet-Droz Petite Heure Minute;64;5491;45117
Gérald Genta Arena Bi-Retro;9;5500;26677
Glashütte Original Senator Navigator Panorama Date;3;5500;6710
Glashütte Original Sport Evolution GMT;1;5500;5500
Hublot Big Bang Caviar;19;5500;28477
Parmigiani Fleurier Pershing;25;5500;89700
Giuliano Mazzuoli Carrara;1;5528;5528
Jaquet-Droz Astrale;57;5536;50000
Jaeger-LeCoultre Reverso Duoface;114;5555;27361
TAG Heuer Monaco Calibre 36;9;5559;10090
Audemars Piguet Edward Piguet;48;5561;144341
Glashütte Original Sixties Square Chronograph;3;5583;5824
Graham Prodive;4;5599;8376
Panerai Radiomir Chronograph;9;5600;9720
IWC Big Pilot;396;5630;106092
Jaeger-LeCoultre Master Compressor Diving Chronograph;16;5632;23574
Girard Perregaux Cat's Eye;66;5691;74689
Jaeger-LeCoultre Master Geographic;75;5692;21419
Franck Muller Vegas;13;5697;24513
Linde Werdelin Spidospeed;7;5747;24569
Breitling Navitimer Rattrapante;8;5748;20950
Hublot Big Bang 38 mm;187;5750;34411
IWC Pilot Worldtimer;6;5799;7968
Zenith Pilot Type 20 Lady;3;5799;16934
Germano & Walter;1;5800;5800
Jaeger-LeCoultre Reverso Duetto Classique;4;5800;10802
Omega Seamaster Bullhead;22;5802;19450
Linde Werdelin SpidoLite;3;5807;13981
Glashütte Original Senator Navigator Chronograph;4;5863;8050
Jaeger-LeCoultre Master Ultra Thin Moon;140;5863;28225
Speake-Marin;16;5863;24513
Zenith Defy Skyline;161;5863;15454
Cyclos;1;5895;5895
Girard Perregaux Chrono Hawk;10;5897;26786
Hublot Classic Fusion Ultra-Thin;50;5899;43940
Union Glashütte Noramis Gold;1;5899;5899
F.P.Journe;27;5900;523398
Jaeger-LeCoultre Master Compressor Geographic;15;5901;16364
Chopard Happy Spirit;13;5913;23787
Corum Ti-Bridge;16;5950;69234
Mb&f;59;5950;424369
Perrelet Turbine Yacht;2;5950;6030
Patek Philippe Nautilus;2054;5950;3399511
Vacheron Constantin 1972;37;5950;25700
Rolex Oyster Perpetual 39;225;5956;26394
Panerai Luminor Marina 1950 3 Days;27;5990;13871
Armin Strom;14;6000;22484
Harry Winston Ocean;208;6024;316238
Breitling Navitimer 01 (46 MM);4;6049;19356
Jaeger-LeCoultre Reverso Classic Medium Duetto;31;6119;21665
Panerai Luminor Due Luna;25;6119;20660
Roger Dubuis Easy Diver;46;6119;61951
Panerai Luminor Submersible 1950 3 Days Automatic;161;6129;28552
Panerai Radiomir Rattrapante;7;6141;7384
Panerai Luminor 1950 8 Days GMT;46;6157;31259
Jaeger-LeCoultre Master Ultra Thin Date;41;6161;26088
Jaeger-LeCoultre Master Compressor GMT;7;6200;14227
Jaeger-LeCoultre Master Compressor Chronograph Ceramic;16;6219;12063
Zeitwinkel;2;6225;11750
Blancpain Air Command;14;6242;14990
Cartier Tonneau;38;6250;30711
Devon;1;6258;6258
IWC Da Vinci Perpetual Calendar;76;6258;49700
Hublot Classic Fusion Aerofusion;379;6258;83766
Breitling Bentley B06;11;6298;20822
IWC Ingenieur Dual Time;9;6305;7428
Glashütte Original PanoReserve;107;6350;21488
Jaeger-LeCoultre Master Chronograph;30;6350;22250
Jaeger-LeCoultre Master Compressor Diving Chronograph GMT Navy SEALs;11;6380;18599
Jaeger-LeCoultre Reverso Squadra Lady Duetto;3;6400;8200
Franck Muller Mariner;18;6408;18529
Bertolucci Serena Garbo;1;6446;6446
Jaeger-LeCoultre Grande Reverso 976;23;6490;21498
Hublot Big Bang 41 mm;238;6491;48727
IWC Ingenieur Chronograph Racer;10;6500;10790
Zenith Pilot Type 20 Annual Calendar;4;6500;9994
Hublot Big Bang Tutti Frutti;63;6505;114900
Cartier Délices de Cartier;10;6508;81468
Glashütte Original PanoMaticLunar;213;6508;21502
Jaeger-LeCoultre Master Compressor Extreme World Chronograph;20;6514;37186
Rolex Explorer II;1391;6514;115500
Grand Seiko Evolution 9 Collection;120;6581;43025
Panerai Luminor 1950 10 Days GMT;37;6581;20000
Breguet Héritage;103;6600;125663
Roger Dubuis Excalibur;228;6641;488376
Fabergé;29;6645;42407
Glashütte Original Sport Evolution Impact;5;6695;8933
Patek Philippe Neptune;46;6695;68657
Vianney Halter;3;6695;381430
Panerai Mare Nostrum;31;6699;37970
Jaeger-LeCoultre Reverso Memory;5;6700;14087
Hautlence;20;6701;32500
Breitling Navitimer 1884;2;6704;7817
Zenith Chronomaster Sport;241;6724;42302
Jaeger-LeCoultre Deep Sea Chronograph;17;6749;21000
Jaeger-LeCoultre Grande Reverso;41;6750;351780
Glashütte Original Sport Evolution Panorama Date;1;6756;6756
Jaeger-LeCoultre Master Ultra Thin Réserve de Marche;33;6756;27387
IWC Aquatimer Deep Two;9;6766;15160
IWC Pilot Chronograph Top Gun Miramar;13;6779;11268
Cartier Ballerine;3;6788;12787
Glashütte Original PanoInverse;25;6800;11819
Panerai Luminor 1950 3 Days Chrono Flyback;35;6829;24344
Glashütte Original SeaQ Panoramadatum;144;6873;25682
Breitling Bentley B05 Unitime;7;6891;10609
Louis Moinet Mecanograph;7;6946;13200
Glashütte Original SeaQ;163;6960;21840
Louis Moinet Geograph;9;6979;20660
M.A.D. Editions;10;6980;11993
Panerai Luminor 1950 8 Days Chrono Monopulsante GMT;33;6980;25442
Patek Philippe Twenty~4;296;6990;452416
Glashütte Original Seventies Panorama Date;3;6999;7243
Jaeger-LeCoultre Master World Geographic;11;7000;15133
Breitling Bentley B04 GMT;13;7034;22222
IWC Big Pilot Top Gun Miramar;12;7046;11990
L.Leroy;4;7057;78117
Rolex Submariner (No Date);1266;7073;642137
Girard Perregaux Competizione;4;7085;8376
Rolex Oyster Perpetual 41;732;7100;56922
Rolex Datejust 41;5151;7119;59188
Rolex Day-Date 36;2285;7157;232161
Jaeger-LeCoultre Master Ultra Thin 38;2;7195;9900
Breitling Super Avi;99;7200;20660
Jaeger-LeCoultre Reverso Duetto Duo;4;7253;18000
Roger Dubuis KingSquare;9;7258;30711
IWC Big Pilot Top Gun;52;7351;55461
Louis Moinet Jules Verne;3;7352;21229
Hublot Big Bang Broderie;17;7388;24010
Roger Dubuis Much More;31;7405;43012
Jaeger-LeCoultre Master Compressor Extreme W-Alarm;8;7426;11633
Jaeger-LeCoultre Reverso Classic Small Duetto;44;7445;40662
Clerc Hydroscaph L.E. Central Chronograph;1;7464;7464
Hublot King Power;205;7500;312687
Rolex Datejust II;580;7500;34060
Roger Dubuis Sympathie;26;7500;77615
Bovet Château de Môtiers;3;7509;12843
IWC Portuguese Annual Calendar;25;7509;25183
Patek Philippe Complications;97;7509;195098
Rolex Sea-Dweller 4000;423;7625;110000
Dewitt Classic;3;7658;15650
Blancpain Women;55;7700;40980
Rolex Milgauss;541;7700;83121
Rolex Yacht-Master 40;1329;7724;225228
Ateliers deMonaco Admiral Chronographe Flyback;6;7736;19636
Bovet Sportster;11;7800;13954
Rolex Day-Date Oysterquartz;73;7812;224524
Perrelet Turbine Poker;1;7817;7817
A. Lange & Söhne Grand Lange 1;60;7850;197004
Jaeger-LeCoultre Master Compressor Diving Alarm Navy SEALs;1;7850;7850
Bovet Cambiano;3;7895;19059
Cartier Ballon Blanc;28;7900;43542
Nivrel Répétition;16;7900;39395
NOMOS Lambda;21;7900;20660
Rolex GMT-Master;737;7910;244571
Strom Agonium;25;7916;106891
Louis Moinet Nelson Piquet;1;7941;7941
Jaeger-LeCoultre Master Compressor Diving Pro Geographic;3;7950;38752
Panerai Radiomir 3 Days GMT;8;7950;17692
Benzinger Skelett;6;7959;8934
Benzinger Black T;2;7959;10985
Hublot Big Bang Aero Bang;86;7983;36734
Glashütte Original PanoInverse XL;4;8000;18427
Glashütte Original PanoMaticDate;6;8000;13715
Jaeger-LeCoultre Master Compressor Diving Automatic Navy SEALs;4;8000;10978
Rolex Cellini Prince;27;8000;15759
Harry Winston Midnight;91;8032;114128
Maurice Lacroix Masterpiece Gravity;2;8054;9157
Hublot Big Bang Jeans;20;8056;21055
Benzinger;5;8067;17575
Roger Dubuis Golden Square;33;8100;82249
Panerai Luminor Submersible 1950 Depth Gauge;5;8190;13316
Audemars Piguet Millenary Ladies;75;8250;57978
Jaeger-LeCoultre Grande Reverso Calendar;9;8368;20660
Ulysse Nardin Diver Chronograph;22;8370;34061
Benzinger Subscription;11;8371;24504
Glashütte Original Senator Perpetual Calendar;16;8400;41432
Jaeger-LeCoultre Master Compressor Diving;4;8500;17950
Glashütte Original Julius Assmann;2;8600;18500
Jaeger-LeCoultre Geophysic True Second;8;8638;18036
IWC Portuguese Perpetual Calendar;122;8761;47195
Audemars Piguet Millenary Chronograph;28;8780;312692
Blancpain L-Evolution;53;8794;144046
Patek Philippe Hour Glass;12;8870;98275
Blancpain Léman Réveil GMT;22;8928;22112
Jaeger-LeCoultre Master Compressor Chronograph 2;2;8933;8934
Vincent Calabrese;2;8933;18989
Starkiin;2;8960;35380
Jaeger-LeCoultre Grande Reverso Ultra Thin Duoface;5;8988;15579
Rolex Submariner;113;8990;429953
A. Lange & Söhne Lange 1;188;9000;385042
Jaquet-Droz Lady 8;50;9213;153244
Ulysse Nardin Jade;4;9300;21706
Rolex Sea-Dweller;621;9390;427500
Jaeger-LeCoultre Grande Reverso Duo;13;9400;22218
Parmigiani Fleurier Toric;28;9475;125477
Rolex Sea-Dweller Deepsea;726;9487;83757
Rolex Lady-Datejust Pearlmaster;223;9500;83757
Zenith El Primero Doublematic;8;9500;27500
Glashütte Original PanoMaticInverse;42;9546;24492
Vacheron Constantin Royal Eagle;24;9604;38807
Glashütte Original Senator Chronograph Panorama Date;62;9750;43681
Linde Werdelin Oktopus Moon;2;9783;21777
Konstantin Chaykin;16;9865;50000
Churpfälzische Uhrenmanufaktur;1;9900;9900
Hublot Big Bang Pop Art;12;9937;29051
Jaeger-LeCoultre Grande Reverso Night & Day;4;9950;16700
Zenith El Primero Lightweight;3;9950;14072
Benzinger Regulateur;7;9976;22084
Benzinger Classic;2;9976;13008
Glashütte Original PanoMaticLunar XL;1;9990;9990
Perrelet Regulator Retrograde;1;10000;10000
A. Lange & Söhne Richard Lange;34;10012;197804
A. Lange & Söhne Langematik;20;10012;94925
Audemars Piguet Royal Oak Offshore Chronograph;1558;10012;1144283
Vacheron Constantin Traditionnelle;45;10012;431058
Arnold & Son HM Perpetual Moon;12;10051;22056
Glashütte Original PanoMatic Luna;26;10166;19200
Harry Winston Project Z;65;10200;82388
Hublot Spirit of Big Bang;553;10200;105000
Hublot Big Bang Unico;938;10219;233170
Devon Tread 1;5;10500;16450
NOMOS Lux;15;10600;14338
Panerai Luminor 1950 Regatta 3 Days Chrono Flyback;12;10600;17644
Arnold & Son DBG;5;10608;32763
Habring²;5;10608;18251
Rolex Pearlmaster;52;10650;233068
Franck Muller Secret Hours;5;10652;39087
Hublot Big Bang Sang Bleu;121;10652;77503
HYT H0;17;10701;43577
Audemars Piguet Royal Oak Offshore Lady;115;10800;1375849
Rolex Yacht-Master 37;226;10800;55698
Louis Moinet Metropolis;4;10833;50040
Cartier Captive de Cartier;7;10853;30000
Breguet Reine de Naples;325;10900;349263
Glashütte Original Seventies Chronograph Panorama Date;42;10900;24978
Glashütte Original Senator Navigator Perpetual Calendar;3;10942;15648
Blancpain Villeret Complete Calendar;17;10943;31685
Jaeger-LeCoultre Geophysic Universal Time;6;10944;19806
HD3 Three Minds;6;11000;24634
HD3 Idalgo;1;11000;11000
Devon Tread 2;2;11056;11168
Audemars Piguet Royal Oak Jumbo;418;11155;530461
Glashütte Original Senator Calendar;1;11166;11166
Andersen Genève;5;11168;45000
Corum Golden Bridge;98;11197;134570
Bell & Ross BR-X1;40;11201;22184
Ulysse Nardin GMT +/- Perpetual;35;11300;58513
TAG Heuer Carrera Mikrograph;1;11342;11342
Hublot Big Bang Ferrari;65;11527;53046
Milus Merea;2;11637;12374
H.Moser & Cie. Venturer;19;11672;111551
Chronoswiss Répétition à quarts;2;11800;33168
Rolex Cellini Dual Time;29;11828;23451
Glashütte Original PanoMaticReserve XL;2;11990;19765
Audemars Piguet Royal Oak Perpetual Calendar;250;12000;1786817
Ulysse Nardin El Toro / Black Toro;25;12067;35149
Ressence;23;12098;39031
Vacheron Constantin Fiftysix;109;12177;161883
Glashütte Original SeaQ Chronograph;12;12284;16528
Audemars Piguet Royal Oak Dual Time;142;12295;102993
Hublot Big Bang Meca-10;108;12470;110000
Roger Dubuis Velvet;28;12472;74150
Cvstos Evosquare;3;12496;21665
Jaeger-LeCoultre Grande Reverso Ultra Thin 1931;6;12499;20000
Boucheron Crazy Jungle;5;12515;39000
Jaeger-LeCoultre Duomètre;31;12515;56430
Arnold & Son TB88;5;12550;35731
Patek Philippe Travel Time;90;12605;71437
Breguet Tradition;201;12624;177106
Rolex Cellini Date;22;12653;19845
Bovet Amadeo Fleurier;26;12796;145647
Jaeger-LeCoultre Master Grand Réveil;12;12850;20500
Patek Philippe Chronograph;172;12900;879798
Roger Dubuis Pulsion;13;12950;20634
Jaeger-LeCoultre Memovox Tribute to Deep Sea;7;13075;25000
Vacheron Constantin Quai de l'Ile;19;13076;77392
Jaquet-Droz Les Ateliers D' Art;36;13089;71153
Roger Dubuis La Monégasque;20;13149;41879
Glashütte Original Sport Evolution Perpetual Calendar;1;13400;13400
Blancpain 500 Fathoms;8;13401;22279
Gérald Genta Octo Bi-Retro;4;13454;51230
Panerai Luminor 1950 Rattrapante 8 Days;3;13457;20102
Tudor Montecarlo;29;13500;131778
A. Lange & Söhne 1815;130;13550;220937
Ulysse Nardin Sonata;31;13950;55280
A. Lange & Söhne Saxonia;115;14000;219743
Glashütte Original Senator Chronometer;20;14000;25603
Audemars Piguet Millenary 4101;21;14412;42437
Moritz Grossmann;12;14462;54665
IWC Ingenieur Jumbo;11;14500;40985
Jaeger-LeCoultre Geophysic 1958;4;14500;46904
Glashütte Original Sport Evolution M;1;14518;14518
A. Lange & Söhne Cabaret;16;14550;71400
Girard Perregaux Bridges;30;14682;670000
Jaeger-LeCoultre Master Eight Days;3;14685;27233
H.Moser & Cie. Henry Double Hairspring;6;14900;33447
Arnold & Son Time Pyramid;5;14980;39768
Frederique Constant Manufacture Tourbillon;11;14990;39452
Zenith Elite Tourbillon;8;15000;34011
Patek Philippe World Time;264;15018;230819
HYT;12;15020;55782
Patek Philippe Pagoda;11;15099;61980
Glashütte Original PanoMaticChrono XL;3;15385;43219
Vacheron Constantin Overseas Chronograph;275;15500;109387
Ulysse Nardin Blue Seal;1;15600;15600
Zenith El Primero Stratos Spindrift;1;15645;15645
Ulysse Nardin San Marco Cloisonné;3;15746;26540
Glashütte Original PanoGraph;17;15900;28254
Glashütte Original Senator Diary;3;15924;23173
Glashütte Original PanoMaticChrono;2;15990;31000
Bovet Dimier Récital;4;16000;103422
Rolex Yacht-Master II;528;16000;69900
Perrelet Diamond Flower;1;16036;16036
Moritz Grossmann ATUM Pure M;1;16183;16183
Glashütte Original Senator Cosmopolite;43;16361;35348
Parmigiani Fleurier Bugatti;5;16400;110866
Jaeger-LeCoultre Master Ultra Thin Perpetual;37;16478;46474
Panerai Luminor Equation Of Time;10;16746;89285
Jaeger-LeCoultre Grande Reverso Lady Ultra Thin Duetto Duo;2;16750;17500
Vacheron Constantin Overseas Dual Time;124;16751;111500
Rolex Sky-Dweller;1815;16900;1340113
Patek Philippe Minute Repeater;29;17000;4857908
Moritz Grossmann TEFNUT Lady;2;17009;31163
Arnold & Son True Moon;1;17017;17017
Audemars Piguet Tradition;10;17420;64214
Ulysse Nardin Quadrato Dual Time Perpetual;1;17500;17500
Roger Dubuis Hommage;14;17645;101174
Jaeger-LeCoultre Master Eight Days Perpetual;6;17749;48021
Glashütte Original Senator Meissen;2;17850;18762
Glashütte Original Senator Chronometer Regulator;12;17868;25008
Ulysse Nardin Marine Tourbillon;6;17868;40855
Ulysse Nardin Executive Skeleton Tourbillon;15;18000;43762
Glashütte Original PanoMaticCounter XL;6;18025;20325
Hublot Square Bang;52;18200;91744
IWC Ingenieur Perpetual Calendar Digital Date-Month;3;18263;34433
Strom;6;18403;74622
Audemars Piguet Royal Oak Day-Date;72;18613;122900
IWC Portuguese Tourbillon;33;18773;89340
IWC Portuguese Minute Repeater;16;18773;105000
Laurent Ferrier;47;18773;161930
Patek Philippe Annual Calendar;567;18773;192082
Glashütte Original PanoMatic;14;19046;44225
Patek Philippe Aquanaut;924;19315;1328945
Czapek;50;19607;114468
Cartier Hypnose;2;19682;38887
Moritz Grossmann BENU;4;19806;207829
Vacheron Constantin Métiers d'Art;11;19990;150000
Ulysse Nardin Freak;36;19990;101624
Audemars Piguet Royal Oak Offshore Chronograph Volcano;22;20000;32274
Ateliers deMonaco Ronde de Monte-Carlo;2;20826;84595
Breguet Classique Complications;88;20900;233215
Audemars Piguet Royal Oak Offshore Grand Prix;30;21115;80351
HYT H1;20;21217;57521
Zenith El Primero Tourbillon;19;21500;67000
Ulysse Nardin Perpetual Manufacture;5;21702;33503
Patek Philippe Beta 21;7;22423;50400
Rolf Lang;1;22800;22800
Moritz Grossmann TEFNUT;1;23529;23529
Arnold & Son East India Company;1;24010;24010
Bremont Wright Flyer;2;24010;26691
Rolex Yacht-Master 42;155;24048;189138
Girard Perregaux Hawk;1;24121;24121
Louis Moinet Tempograph;4;24199;50773
Franck Muller Double Mystery;12;24800;82388
Audemars Piguet Royal Oak Selfwinding;878;24894;310145
Urban Jürgensen;12;24903;66888
Rolex Cellini Moonphase;18;25000;59281
Jaeger-LeCoultre Master Grande Tradition;18;25031;318000
Patek Philippe Annual Calendar Chronograph;247;25031;1119832
Patek Philippe Perpetual Calendar;329;25031;384124
Pro-Hunter;3;25338;35192
F.P.Journe Élégante;42;25900;78165
HYT Skull;7;26523;88224
Corum Miss Golden Bridge;8;26802;29203
Audemars Piguet Royal Oak Chronograph;1423;27361;1104351
Moritz Grossmann ATUM Enamel;2;27500;43744
Arnold & Son UTTE;3;27547;30000
Ulysse Nardin Astrolabium;3;27999;37000
Louis Moinet Memoris;6;28185;75900
A. Lange & Söhne Grand Langematik;3;28187;32330
A. Lange & Söhne Little Lange 1;19;28588;219316
Zenith Pilot Type 20 Tourbillon;5;29092;98902
HD3;2;29175;47462
Jaeger-LeCoultre Master Ultra Thin Tourbillion;18;29950;88671
Urwerk UR-103;18;30000;82392
Jaeger-LeCoultre Master Tourbillon;18;31466;88671
Vacheron Constantin Overseas World Time;15;31836;52553
IWC Aquatimer Perpetual Calendar Digital Date-Month;1;32040;32040
Ulysse Nardin Classic Ulysse Anchor Tourbillon;3;32515;56955
Rolex Day-Date II;264;32571;211152
Jaeger-LeCoultre Master Date Tourbillon 39;2;32583;43117
Audemars Piguet Royal Oak Offshore Diver Chronograph;11;32745;53492
Rolex Day-Date 40;1767;34605;880000
IWC Pilot Spitfire Perpetual Calendar Digital Date-Month;5;34899;48579
IWC Da Vinci Perpetual Calendar Digital Date-Month;2;35192;35192
Jaeger-LeCoultre Master Compressor Extreme LAB 2 Tribute to Geophysic;5;35671;49213
HYT H4;7;36295;66561
Lang & Heyne;6;36295;55838
Ulysse Nardin Macho Palladium 950;1;37089;37089
B.R.M BiRotor;1;37500;37500
Glashütte Original Senator Rattrapante;3;37500;66442
De Bethune;22;38000;399242
De Bethune DB24;1;38359;38359
Ulysse Nardin Moonstruck;8;38929;94925
Audemars Piguet [Re]master01;23;38999;64437
Blancpain Léman Tourbillon;7;39000;89000
Jaeger-LeCoultre Master Grand Tourbillon;5;39087;60300
Grönefeld;14;40948;168921
Ulysse Nardin Hourstriker;12;41879;131219
Glashütte Original PanoRetroGraph;2;42500;55280
Glashütte Original PanoMaticTourbillon;2;42995;64214
Grand Seiko Masterpiece Collection;5;44000;73234
Gérald Genta Arena Tourbillon;2;44112;59518
Ulysse Nardin Classic Skeleton Tourbillon;8;44112;61422
Ulysse Nardin Freak Cruiser;7;44615;82160
TAG Heuer Monaco V4;4;46004;56900
Urwerk UR-105;9;49324;85810
Ulysse Nardin Stranger;4;49509;87526
Urwerk;11;49807;189849
A. Lange & Söhne Datograph;49;50061;323805
Ulysse Nardin Planetarium Copernicus;2;50813;82392
A. Lange & Söhne Langematik Perpetual;15;52000;117000
Jaeger-LeCoultre Master Compressor Extreme Tourbillon;2;53916;71188
Hublot MP Collection;24;54999;175000
A. Lange & Söhne Odysseus;26;55628;161525
Hublot Techframe Ferrari Tourbillon Chronograph;5;60555;105953
HYT H2;1;61422;61422
A. Lange & Söhne Zeitwerk;29;62248;381246
Richard Mille RM 005;30;62576;180444
Patek Philippe World Time Chronograph;65;63081;217125
Urwerk UR-202;6;63602;109443
Urwerk UR-201;2;63644;64186
F.P.Journe Octa;55;64493;492757
De Bethune DB25;9;65700;160237
Christophe Claret;13;67000;425000
IWC Portuguese Perpetual Calendar Digital Date-Month;1;67006;67006
Richard Mille RM 016;22;71659;182151
IWC Grande Complication;6;78117;111453
Patek Philippe Perpetual Calendar Chronograph;232;81349;1251526
Jaeger-LeCoultre Master Minute Repeater;8;82000;134514
A. Lange & Söhne Lange 31;6;85700;106036
Urwerk UR-110;1;89000;89000
Cabestan;2;90000;150183
Glashütte Original Senator Tourbillon;3;90067;90067
Glashütte Original PanoLunar Tourbillon;6;91941;91941
Hublot Bigger Bang;2;94924;120609
Richard Mille RM 032;4;96311;167458
Ulysse Nardin Kremlin;1;97298;97298
Audemars Piguet Royal Oak Tourbillon;160;99000;900000
Harry Winston Opus;8;100503;240000
A. Lange & Söhne Double Split;7;102460;149797
Patek Philippe Annual Calendar Travel Time;21;103000;142945
Ulysse Nardin Royal Blue Tourbillon;5;104584;308802
De Bethune DB28;20;105000;321069
Richard Mille RM 028;8;105000;112000
Omega De Ville Central Tourbillon;5;113262;210273
IWC Portuguese Grande Complication;8;114374;199000
Richard Mille RM 010;40;114837;239992
Richard Mille RM 63;7;115585;209000
Richard Mille RM 029;28;116720;502542
Panerai Radiomir Tourbillon GMT;1;123067;123067
Patek Philippe Minute Repeater Perpetual Calendar;33;125153;1507627
Audemars Piguet Royal Oak Offshore Tourbillon Chronograph;37;134152;485791
Richard Mille RM 037;17;134478;323861
Audemars Piguet Royal Oak Double Balance Wheel Openworked;148;138000;1261939
Audemars Piguet Royal Oak Concept;72;148883;645354
Cartier Crash;6;150183;217768
Richard Mille RM 67;68;151325;492617
Voutilainen;1;162000;162000
Urwerk UR-210;2;166453;166453
Patek Philippe Grand Complications;65;170766;5900000
Richard Mille RM 030;49;176448;437398
Richard Mille RM 07;45;188500;2177683
Greubel Forsey;13;189793;502542
Ulysse Nardin Classic Minute Repeater;3;191493;216248
F.P.Journe Chronometre à Resonance;12;195000;445587
Ulysse Nardin Marine Grand Deck;2;208000;221119
Richard Mille RM 035;58;232658;1005084
Greubel Forsey Double Tourbillon 30°;7;245631;502542
Patek Philippe Celestial;51;266906;5025422
Richard Mille RM 061;13;271000;642137
Jacob & Co. Astronomia;5;313071;421416
Richard Mille RM 055;25;315128;552796
Ulysse Nardin Genghis Khan;1;359400;359400
Greubel Forsey Tourbillon 24 Seconds;2;362947;362947
Greubel Forsey GMT;5;388353;508126
Audemars Piguet Haute Joaillerie;3;431070;1669557
Greubel Forsey Quadruple Tourbillon;1;556928;556928
Richard Mille RM 027;7;1596912;1596912
Richard Mille RM 052;9;1786817;2010169
Patek Philippe Sky Moon Tourbillon;4;7700000;9492464
Patek Philippe Grandmaster Chime;2;10050844;10050844
Total général;337406;2;10050844
